name,category,subcategory,filename,extension,path
3D Rift Videogame,engenheiro,,3D Rift Videogame.png,png,images/engenheiro/3D Rift Videogame.png
3D Television,engenheiro,,3D Television.png,png,images/engenheiro/3D Television.png
Abra Bed,estilista,,Abra Bed.png,png,images/estilista/Abra Bed.png
Absol Locker,estilista,,Absol Locker.png,png,images/estilista/Absol Locker.png
Advanced Engine,engenheiro,,Advanced Engine.png,png,images/engenheiro/Advanced Engine.png
Advanced Incubator,engenheiro,,Advanced Incubator.png,png,images/engenheiro/Advanced Incubator.png
Adventurer's Utility Belt,aventureiro,,Adventurer's Utility Belt.png,png,images/aventureiro/Adventurer's Utility Belt.png
Aggron Bed,estilista,,Aggron Bed.png,png,images/estilista/Aggron Bed.png
Aggron Locker,estilista,,Aggron Locker.png,png,images/estilista/Aggron Locker.png
Air Fryer,aventureiro,,Air Fryer.png,png,images/aventureiro/Air Fryer.png
Air Tank,estilista,,Air Tank.png,png,images/estilista/Air Tank.png
Alakazam Bush,professor,,Alakazam Bush.png,png,images/professor/Alakazam Bush.png
Alolan Electric Rat Tail,itens,,Alolan Electric Rat Tail.png,png,images/itens/Alolan Electric Rat Tail.png
Alolan Electric Rat Tails,itens,,Alolan Electric Rat Tails.png,png,images/itens/Alolan Electric Rat Tails.png
Analog Television,engenheiro,,Analog Television.png,png,images/engenheiro/Analog Television.png
Ancient Charmander Idol,itens,,Ancient Charmander Idol.png,png,images/itens/Ancient Charmander Idol.png
Ancient Charmander Idols,itens,,Ancient Charmander Idols.png,png,images/itens/Ancient Charmander Idols.png
Ancient Claydol Idol,itens,,Ancient Claydol Idol.png,png,images/itens/Ancient Claydol Idol.png
Ancient Claydol Idols,itens,,Ancient Claydol Idols.png,png,images/itens/Ancient Claydol Idols.png
Ancient Dragalge Idol,itens,,Ancient Dragalge Idol.png,png,images/itens/Ancient Dragalge Idol.png
Ancient Dragalge Idols,itens,,Ancient Dragalge Idols.png,png,images/itens/Ancient Dragalge Idols.png
Ancient Dragonite Idol,itens,,Ancient Dragonite Idol.png,png,images/itens/Ancient Dragonite Idol.png
Ancient Dragonite Idols,itens,,Ancient Dragonite Idols.png,png,images/itens/Ancient Dragonite Idols.png
Ancient Stone,itens,stones,Ancient Stone.gif,gif,images/itens/stones/Ancient Stone.gif
Ancient Stones,itens,stones,Ancient Stones.gif,gif,images/itens/stones/Ancient Stones.gif
Ancient Vespiquen Idol,itens,,Ancient Vespiquen Idol.png,png,images/itens/Ancient Vespiquen Idol.png
Ancient Vespiquen Idols,itens,,Ancient Vespiquen Idols.png,png,images/itens/Ancient Vespiquen Idols.png
Ancient Wire,itens,,Ancient Wire.png,png,images/itens/Ancient Wire.png
Angel Halo,estilista,,Angel Halo.png,png,images/estilista/Angel Halo.png
Apple Leftovers,itens,,Apple Leftovers.png,png,images/itens/Apple Leftovers.png
Apricorn,itens,,Apricorn.png,png,images/itens/Apricorn.png
Aqua Tapestry,estilista,,Aqua Tapestry.png,png,images/estilista/Aqua Tapestry.png
Arachnid Legs,itens,,Arachnid Legs.png,png,images/itens/Arachnid Legs.png
Arcade Ball Capsule,estilista,,Arcade Ball Capsule.gif,gif,images/estilista/Arcade Ball Capsule.gif
Arceus Bush,professor,,Arceus Bush.png,png,images/professor/Arceus Bush.png
Arceus Sculpture,aventureiro,,Arceus Sculpture.png,png,images/aventureiro/Arceus Sculpture.png
Armadillo Claw,itens,,Armadillo Claw.png,png,images/itens/Armadillo Claw.png
Armor Fossil,itens,,Armor Fossil.png,png,images/itens/Armor Fossil.png
Articuno Sculpture,aventureiro,,Articuno Sculpture.png,png,images/aventureiro/Articuno Sculpture.png
Ash Ketchum Cap,estilista,,Ash Ketchum Cap.png,png,images/estilista/Ash Ketchum Cap.png
Aspear Seed,professor,,Aspear Seed.png,png,images/professor/Aspear Seed.png
Aurorus Fossil Statue's Platform,aventureiro,,Aurorus Fossil Statue's Platform.png,png,images/aventureiro/Aurorus Fossil Statue's Platform.png
Automaton Seal,itens,,Automaton Seal.png,png,images/itens/Automaton Seal.png
Average XP Banner,estilista,,Average XP Banner.png,png,images/estilista/Average XP Banner.png
Azumarill Female Outfit,estilista,,Azumarill Female Outfit.png,png,images/estilista/Azumarill Female Outfit.png
Azure Shard,itens,,Azure Shard.png,png,images/itens/Azure Shard.png
Babiri Seed,professor,,Babiri Seed.png,png,images/professor/Babiri Seed.png
Bag Of Pollen,itens,,Bag Of Pollen.png,png,images/itens/Bag Of Pollen.png
Bagworm Green Leaves,itens,,Bagworm Green Leaves.png,png,images/itens/Bagworm Green Leaves.png
Bagworm Pink Leaves,itens,,Bagworm Pink Leaves.png,png,images/itens/Bagworm Pink Leaves.png
Bagworm Stone,itens,,Bagworm Stone.png,png,images/itens/Bagworm Stone.png
Bagworm Stones,itens,,Bagworm Stones.png,png,images/itens/Bagworm Stones.png
Balloon Arm,itens,,Balloon Arm.png,png,images/itens/Balloon Arm.png
Banana,professor,,Banana.png,png,images/professor/Banana.png
Band Aid,itens,,Band Aid.png,png,images/itens/Band Aid.png
Bandit Mask,estilista,,Bandit Mask.png,png,images/estilista/Bandit Mask.png
Bandit Scarf,estilista,,Bandit Scarf.png,png,images/estilista/Bandit Scarf.png
banner-aventureiro,aventureiro,,banner-aventureiro.png,png,images/aventureiro/banner-aventureiro.png
banner-engenheiro,engenheiro,,banner-engenheiro.png,png,images/engenheiro/banner-engenheiro.png
banner-estilista,estilista,,banner-estilista.png,png,images/estilista/banner-estilista.png
banner-professor,professor,,banner-professor.png,png,images/professor/banner-professor.png
Basalt Rock,itens,,Basalt Rock.png,png,images/itens/Basalt Rock.png
Bat Wing,itens,,Bat Wing.png,png,images/itens/Bat Wing.png
Bear Arm,itens,,Bear Arm.png,png,images/itens/Bear Arm.png
Bear Arms,itens,,Bear Arms.png,png,images/itens/Bear Arms.png
Bear Cap,estilista,,Bear Cap.png,png,images/estilista/Bear Cap.png
Bear Feet,itens,,Bear Feet.png,png,images/itens/Bear Feet.png
Bear Paw,itens,,Bear Paw.png,png,images/itens/Bear Paw.png
Beast Ball,engenheiro,,Beast Ball.png,png,images/engenheiro/Beast Ball.png
Beautiful Flower,professor,,Beautiful Flower.png,png,images/professor/Beautiful Flower.png
Beautiful Scales,itens,,Beautiful Scales.png,png,images/itens/Beautiful Scales.png
Bee Sting,itens,,Bee Sting.png,png,images/itens/Bee Sting.png
Beetle Horn,itens,,Beetle Horn.png,png,images/itens/Beetle Horn.png
Beetle Horns,itens,,Beetle Horns.png,png,images/itens/Beetle Horns.png
Beige Office Chair,estilista,,Beige Office Chair.png,png,images/estilista/Beige Office Chair.png
Bell Plant,professor,,Bell Plant.png,png,images/professor/Bell Plant.png
Bellossom Big Figure,estilista,,Bellossom Big Figure.png,png,images/estilista/Bellossom Big Figure.png
Bellsprout Turret,engenheiro,,Bellsprout Turret.png,png,images/engenheiro/Bellsprout Turret.png
Belt Of Champion,itens,,Belt Of Champion.png,png,images/itens/Belt Of Champion.png
Bicycle,aventureiro,,Bicycle.png,png,images/aventureiro/Bicycle.png
Big Boss Hat,itens,,Big Boss Hat.png,png,images/itens/Big Boss Hat.png
Big Boss Hats,itens,,Big Boss Hats.png,png,images/itens/Big Boss Hats.png
Big Bug Gosme,itens,,Big Bug Gosme.gif,gif,images/itens/Big Bug Gosme.gif
Big Crystal,itens,,Big Crystal.png,png,images/itens/Big Crystal.png
Big Eagle Feather,itens,,Big Eagle Feather.png,png,images/itens/Big Eagle Feather.png
Big Eater Fur,itens,,Big Eater Fur.png,png,images/itens/Big Eater Fur.png
Big Enchanted Gem,itens,,Big Enchanted Gem.gif,gif,images/itens/Big Enchanted Gem.gif
Big Hands,itens,,Big Hands.png,png,images/itens/Big Hands.png
Big Ice Ball,itens,,Big Ice Ball.png,png,images/itens/Big Ice Ball.png
Big Modern Table,estilista,,Big Modern Table.png,png,images/estilista/Big Modern Table.png
Big Momma's Dress,estilista,,Big Momma's Dress.png,png,images/estilista/Big Momma's Dress.png
Big Mount Horn,itens,,Big Mount Horn.png,png,images/itens/Big Mount Horn.png
Big Nightmare Shield Elixir,professor,,Big Nightmare Shield Elixir.gif,gif,images/professor/Big Nightmare Shield Elixir.gif
Big Red Feather,itens,,Big Red Feather.png,png,images/itens/Big Red Feather.png
Big Red Feathers,itens,,Big Red Feathers.png,png,images/itens/Big Red Feathers.png
Big Red Hand,itens,,Big Red Hand.png,png,images/itens/Big Red Hand.png
Big Rock Tail,itens,,Big Rock Tail.png,png,images/itens/Big Rock Tail.png
Big Rock Tails,itens,,Big Rock Tails.png,png,images/itens/Big Rock Tails.png
Big Screw,itens,,Big Screw.png,png,images/itens/Big Screw.png
Big Seed,itens,,Big Seed.png,png,images/itens/Big Seed.png
Big Yellow Mount Horn,itens,,Big Yellow Mount Horn.png,png,images/itens/Big Yellow Mount Horn.png
Bikini Outfit,estilista,,Bikini Outfit.png,png,images/estilista/Bikini Outfit.png
Bird Beak,itens,,Bird Beak.png,png,images/itens/Bird Beak.png
Bird Topknot,itens,,Bird Topknot.png,png,images/itens/Bird Topknot.png
Bitten Apple,itens,,Bitten Apple.png,png,images/itens/Bitten Apple.png
Black & White High-tech Student Monitor,professor,,Black & White High-tech Student Monitor.png,png,images/professor/Black & White High-tech Student Monitor.png
Black Armchair,estilista,,Black Armchair.png,png,images/estilista/Black Armchair.png
Black Bandana,estilista,,Black Bandana.png,png,images/estilista/Black Bandana.png
Black Belt Karate Kimono,estilista,,Black Belt Karate Kimono.png,png,images/estilista/Black Belt Karate Kimono.png
Black Bench,estilista,,Black Bench.png,png,images/estilista/Black Bench.png
Black Bird Beak,itens,,Black Bird Beak.png,png,images/itens/Black Bird Beak.png
Black Cape,estilista,,Black Cape.png,png,images/estilista/Black Cape.png
Black Capsule Market,engenheiro,,Black Capsule Market.png,png,images/engenheiro/Black Capsule Market.png
Black Computer,engenheiro,,Black Computer.png,png,images/engenheiro/Black Computer.png
Black Darkrai Essence,itens,nightmare,Black Darkrai Essence.gif,gif,images/itens/nightmare/Black Darkrai Essence.gif
Black Darkrai Essences,itens,nightmare,Black Darkrai Essences.gif,gif,images/itens/nightmare/Black Darkrai Essences.gif
Black Dye,estilista,,Black Dye.png,png,images/estilista/Black Dye.png
Black Feather,itens,,Black Feather.png,png,images/itens/Black Feather.png
Black Fin,itens,,Black Fin.png,png,images/itens/Black Fin.png
Black Fins,itens,,Black Fins.png,png,images/itens/Black Fins.png
Black Fog Ball Capsule,estilista,,Black Fog Ball Capsule.gif,gif,images/estilista/Black Fog Ball Capsule.gif
Black High-Tech Locker,engenheiro,,Black High-Tech Locker.png,png,images/engenheiro/Black High-Tech Locker.png
Black Hull,itens,,Black Hull.png,png,images/itens/Black Hull.png
Black Karate Headband,estilista,,Black Karate Headband.png,png,images/estilista/Black Karate Headband.png
Black Leather Sofa,itens,,Black Leather Sofa.png,png,images/itens/Black Leather Sofa.png
Black Link,itens,,Black Link.png,png,images/itens/Black Link.png
Black Lucky Charm,itens,,Black Lucky Charm.png,png,images/itens/Black Lucky Charm.png
Black Lucky Charms,itens,,Black Lucky Charms.png,png,images/itens/Black Lucky Charms.png
Black Luxurious Display Table,estilista,,Black Luxurious Display Table.png,png,images/estilista/Black Luxurious Display Table.png
Black Mewtwo Throne,estilista,,Black Mewtwo Throne.png,png,images/estilista/Black Mewtwo Throne.png
Black Motorcycle,engenheiro,,Black Motorcycle.png,png,images/engenheiro/Black Motorcycle.png
Black Nightmare Gem,itens,nightmare,Black Nightmare Gem.png,png,images/itens/nightmare/Black Nightmare Gem.png
Black Nightmare Potion,professor,,Black Nightmare Potion.png,png,images/professor/Black Nightmare Potion.png
Black Office Chair,estilista,,Black Office Chair.png,png,images/estilista/Black Office Chair.png
Black Poké Chest,estilista,,Black Poké Chest.png,png,images/estilista/Black Poké Chest.png
Black Robe,estilista,,Black Robe.png,png,images/estilista/Black Robe.png
Black Sofa,estilista,,Black Sofa.png,png,images/estilista/Black Sofa.png
Black Spiky Tail,itens,,Black Spiky Tail.png,png,images/itens/Black Spiky Tail.png
Black Tail Feather,itens,,Black Tail Feather.png,png,images/itens/Black Tail Feather.png
Black Tapestry,estilista,,Black Tapestry.png,png,images/estilista/Black Tapestry.png
Black Topknot,itens,,Black Topknot.png,png,images/itens/Black Topknot.png
Black Venom Flute,itens,,Black Venom Flute.png,png,images/itens/Black Venom Flute.png
Black Wallpaper,estilista,,Black Wallpaper.png,png,images/estilista/Black Wallpaper.png
Black Wooden Closet,estilista,,Black Wooden Closet.png,png,images/estilista/Black Wooden Closet.png
Black Wool Ball,itens,,Black Wool Ball.png,png,images/itens/Black Wool Ball.png
Black Wool Balls,itens,,Black Wool Balls.png,png,images/itens/Black Wool Balls.png
Black-White Bed,estilista,,Black-White Bed.png,png,images/estilista/Black-White Bed.png
Black-White Stove,engenheiro,,Black-White Stove.png,png,images/engenheiro/Black-White Stove.png
Blackjack Table,estilista,,Blackjack Table.png,png,images/estilista/Blackjack Table.png
Blade Horn,itens,,Blade Horn.png,png,images/itens/Blade Horn.png
Blade Horns,itens,,Blade Horns.png,png,images/itens/Blade Horns.png
Blank Book,professor,,Blank Book.png,png,images/professor/Blank Book.png
Blank Trainer Student Card,professor,,Blank Trainer Student Card.png,png,images/professor/Blank Trainer Student Card.png
Blastoise Bush,professor,,Blastoise Bush.png,png,images/professor/Blastoise Bush.png
Blastoise Male Outfit,estilista,,Blastoise Male Outfit.png,png,images/estilista/Blastoise Male Outfit.png
Blastoise Tapestry,estilista,,Blastoise Tapestry.png,png,images/estilista/Blastoise Tapestry.png
Blaze Topknot,itens,,Blaze Topknot.png,png,images/itens/Blaze Topknot.png
Blood Herb,professor,,Blood Herb.png,png,images/professor/Blood Herb.png
Blood Tapestry,estilista,,Blood Tapestry.png,png,images/estilista/Blood Tapestry.png
Bloody Brain Cap,engenheiro,,Bloody Brain Cap.png,png,images/engenheiro/Bloody Brain Cap.png
Bloody Wing,itens,,Bloody Wing.png,png,images/itens/Bloody Wing.png
Blue Alienware,engenheiro,,Blue Alienware.png,png,images/engenheiro/Blue Alienware.png
Blue Ball,itens,,Blue Ball.png,png,images/itens/Blue Ball.png
Blue Ball Cam,estilista,,Blue Ball Cam.png,png,images/estilista/Blue Ball Cam.png
Blue Ball Capsule,estilista,,Blue Ball Capsule.gif,gif,images/estilista/Blue Ball Capsule.gif
Blue Bed,estilista,,Blue Bed.png,png,images/estilista/Blue Bed.png
Blue Bench,estilista,,Blue Bench.png,png,images/estilista/Blue Bench.png
Blue Bouquet,itens,,Blue Bouquet.png,png,images/itens/Blue Bouquet.png
Blue Bunny Ear,estilista,,Blue Bunny Ear.png,png,images/estilista/Blue Bunny Ear.png
Blue Capsule Market,engenheiro,,Blue Capsule Market.png,png,images/engenheiro/Blue Capsule Market.png
Blue Chair,estilista,,Blue Chair.png,png,images/estilista/Blue Chair.png
Blue Checkered Wallpaper,estilista,,Blue Checkered Wallpaper.png,png,images/estilista/Blue Checkered Wallpaper.png
Blue Cool Chair,estilista,,Blue Cool Chair.png,png,images/estilista/Blue Cool Chair.png
Blue Cool Sofa,estilista,,Blue Cool Sofa.png,png,images/estilista/Blue Cool Sofa.png
Blue Custom Countertop,estilista,,Blue Custom Countertop.png,png,images/estilista/Blue Custom Countertop.png
Blue Custom Stove,estilista,,Blue Custom Stove.png,png,images/estilista/Blue Custom Stove.png
Blue Dye,estilista,,Blue Dye.png,png,images/estilista/Blue Dye.png
Blue Egg Chair,estilista,,Blue Egg Chair.png,png,images/estilista/Blue Egg Chair.png
Blue Fins,itens,,Blue Fins.png,png,images/itens/Blue Fins.png
Blue Fish Fin,itens,,Blue Fish Fin.png,png,images/itens/Blue Fish Fin.png
Blue Flame Chest,aventureiro,,Blue Flame Chest.png,png,images/aventureiro/Blue Flame Chest.png
Blue Gem Star,itens,raros,Blue Gem Star.png,png,images/itens/raros/Blue Gem Star.png
Blue Ghost Candle,itens,,Blue Ghost Candle.png,png,images/itens/Blue Ghost Candle.png
Blue Ghost Candles,itens,,Blue Ghost Candles.png,png,images/itens/Blue Ghost Candles.png
Blue Glass Table,engenheiro,,Blue Glass Table.png,png,images/engenheiro/Blue Glass Table.png
Blue Globe,engenheiro,,Blue Globe.png,png,images/engenheiro/Blue Globe.png
Blue Greens,itens,,Blue Greens.png,png,images/itens/Blue Greens.png
Blue Healing Machine,estilista,,Blue Healing Machine.png,png,images/estilista/Blue Healing Machine.png
Blue Heavy Chest,aventureiro,,Blue Heavy Chest.png,png,images/aventureiro/Blue Heavy Chest.png
Blue Luxurious Display Table,estilista,,Blue Luxurious Display Table.png,png,images/estilista/Blue Luxurious Display Table.png
Blue Mewtwo Throne,estilista,,Blue Mewtwo Throne.png,png,images/estilista/Blue Mewtwo Throne.png
Blue Microscope,engenheiro,,Blue Microscope.png,png,images/engenheiro/Blue Microscope.png
Blue Motorcycle,engenheiro,,Blue Motorcycle.png,png,images/engenheiro/Blue Motorcycle.png
Blue Official Tapestry,estilista,,Blue Official Tapestry.png,png,images/estilista/Blue Official Tapestry.png
Blue Poke Ball Holder,professor,,Blue Poke Ball Holder.png,png,images/professor/Blue Poke Ball Holder.png
Blue Poké Chest,estilista,,Blue Poké Chest.png,png,images/estilista/Blue Poké Chest.png
Blue Postman Bag,estilista,,Blue Postman Bag.png,png,images/estilista/Blue Postman Bag.png
Blue Rapidash Toy,estilista,,Blue Rapidash Toy.png,png,images/estilista/Blue Rapidash Toy.png
Blue Scarf,estilista,,Blue Scarf.png,png,images/estilista/Blue Scarf.png
Blue Scarf (Feather),estilista,,Blue Scarf (Feather).png,png,images/estilista/Blue Scarf (Feather).png
Blue Scarf (Fur),estilista,,Blue Scarf (Fur).png,png,images/estilista/Blue Scarf (Fur).png
Blue Scouter,engenheiro,,Blue Scouter.png,png,images/engenheiro/Blue Scouter.png
Blue Sofa,estilista,,Blue Sofa.png,png,images/estilista/Blue Sofa.png
Blue Taek Headband,estilista,,Blue Taek Headband.png,png,images/estilista/Blue Taek Headband.png
Blue Tapestry,itens,,Blue Tapestry.png,png,images/itens/Blue Tapestry.png
Blue Tissue,itens,,Blue Tissue.png,png,images/itens/Blue Tissue.png
Blue Topknot,itens,,Blue Topknot.png,png,images/itens/Blue Topknot.png
Blue Vines,itens,,Blue Vines.png,png,images/itens/Blue Vines.png
Blue Wall Lamp,engenheiro,,Blue Wall Lamp.png,png,images/engenheiro/Blue Wall Lamp.png
Blue Wallpaper,estilista,,Blue Wallpaper.png,png,images/estilista/Blue Wallpaper.png
Blue Wardrobe,estilista,,Blue Wardrobe.png,png,images/estilista/Blue Wardrobe.png
Blueprint,engenheiro,,Blueprint.png,png,images/engenheiro/Blueprint.png
Bone,itens,,Bone.png,png,images/itens/Bone.png
Bone Cap,estilista,,Bone Cap.png,png,images/estilista/Bone Cap.png
Bone Shield,itens,,Bone Shield.png,png,images/itens/Bone Shield.png
Bonsai Exotic Tree,professor,,Bonsai Exotic Tree.png,png,images/professor/Bonsai Exotic Tree.png
Bonsai Exotic Tree (Rank S),professor,,Bonsai Exotic Tree (Rank S).png,png,images/professor/Bonsai Exotic Tree (Rank S).png
Bonsai Plant,professor,,Bonsai Plant.png,png,images/professor/Bonsai Plant.png
Bonsai Tree,professor,,Bonsai Tree.png,png,images/professor/Bonsai Tree.png
Bookcase,professor,,Bookcase.png,png,images/professor/Bookcase.png
Bookcase (Rank S),professor,,Bookcase (Rank S).png,png,images/professor/Bookcase (Rank S).png
Boost Stone,professor,,Boost Stone.png,png,images/professor/Boost Stone.png
Boost Stones,itens,stones,Boost Stones.png,png,images/itens/stones/Boost Stones.png
Boss Detector,engenheiro,,Boss Detector.png,png,images/engenheiro/Boss Detector.png
Boss Outfit,estilista,,Boss Outfit.png,png,images/estilista/Boss Outfit.png
Bottle of Poison,itens,,Bottle of Poison.png,png,images/itens/Bottle of Poison.png
Branch of Stone,itens,,Branch of Stone.png,png,images/itens/Branch of Stone.png
Brick Wallpaper,estilista,,Brick Wallpaper.png,png,images/estilista/Brick Wallpaper.png
Bronze Chest,aventureiro,,Bronze Chest.png,png,images/aventureiro/Bronze Chest.png
Brown Chair,estilista,,Brown Chair.png,png,images/estilista/Brown Chair.png
Brown Ear,itens,,Brown Ear.png,png,images/itens/Brown Ear.png
Brown Ears,itens,,Brown Ears.png,png,images/itens/Brown Ears.png
Brown Krooko Scale,itens,,Brown Krooko Scale.png,png,images/itens/Brown Krooko Scale.png
Brown Luxurious Display Table,estilista,,Brown Luxurious Display Table.png,png,images/estilista/Brown Luxurious Display Table.png
Brush,itens,,Brush.png,png,images/itens/Brush.png
Brutal Fin,itens,,Brutal Fin.png,png,images/itens/Brutal Fin.png
Brutal Fins,itens,,Brutal Fins.png,png,images/itens/Brutal Fins.png
Bubble Bed,estilista,,Bubble Bed.png,png,images/estilista/Bubble Bed.png
Bucket of Honey,itens,,Bucket of Honey.png,png,images/itens/Bucket of Honey.png
Bug Antenna,itens,,Bug Antenna.png,png,images/itens/Bug Antenna.png
Bug Gosme,itens,,Bug Gosme.png,png,images/itens/Bug Gosme.png
Bug Legs,itens,,Bug Legs.png,png,images/itens/Bug Legs.png
Bug Lips,itens,,Bug Lips.png,png,images/itens/Bug Lips.png
Bug Stripes,itens,,Bug Stripes.png,png,images/itens/Bug Stripes.png
Bug Venom,itens,,Bug Venom.png,png,images/itens/Bug Venom.png
Builder Kit,estilista,,Builder Kit.png,png,images/estilista/Builder Kit.png
Bulb,itens,,Bulb.png,png,images/itens/Bulb.png
Bulba Plant,professor,,Bulba Plant.png,png,images/professor/Bulba Plant.png
Bulbasaur Bed,estilista,,Bulbasaur Bed.png,png,images/estilista/Bulbasaur Bed.png
Bulbasaur Big Figure,estilista,,Bulbasaur Big Figure.png,png,images/estilista/Bulbasaur Big Figure.png
Bulbasaur Computer,engenheiro,,Bulbasaur Computer.png,png,images/engenheiro/Bulbasaur Computer.png
Bulbasaur Lamp,estilista,,Bulbasaur Lamp.png,png,images/estilista/Bulbasaur Lamp.png
Bulbasaur Toolkit,estilista,,Bulbasaur Toolkit.png,png,images/estilista/Bulbasaur Toolkit.png
Bulbasaur Toy,itens,,Bulbasaur Toy.png,png,images/itens/Bulbasaur Toy.png
Bulbasaur Turret,engenheiro,,Bulbasaur Turret.png,png,images/engenheiro/Bulbasaur Turret.png
Bull Black Saddle,itens,,Bull Black Saddle.png,png,images/itens/Bull Black Saddle.png
Bull Red Saddle,itens,,Bull Red Saddle.png,png,images/itens/Bull Red Saddle.png
Bull Tail,itens,,Bull Tail.png,png,images/itens/Bull Tail.png
Bunk Bed,estilista,,Bunk Bed.png,png,images/estilista/Bunk Bed.png
Butterfly Wing,itens,,Butterfly Wing.png,png,images/itens/Butterfly Wing.png
Cactus Head,itens,,Cactus Head.png,png,images/itens/Cactus Head.png
Cannon Mecha,estilista,,Cannon Mecha.png,png,images/estilista/Cannon Mecha.png
Capsule Market,engenheiro,,Capsule Market.png,png,images/engenheiro/Capsule Market.png
Captain Hat,estilista,,Captain Hat.png,png,images/estilista/Captain Hat.png
Cat Ear,itens,,Cat Ear.png,png,images/itens/Cat Ear.png
Caterpie Turret,engenheiro,,Caterpie Turret.png,png,images/engenheiro/Caterpie Turret.png
Catfish Tail,itens,,Catfish Tail.png,png,images/itens/Catfish Tail.png
Catfish Tails,itens,,Catfish Tails.png,png,images/itens/Catfish Tails.png
Catfish Whiskers,itens,,Catfish Whiskers.png,png,images/itens/Catfish Whiskers.png
Cave Nail,itens,,Cave Nail.png,png,images/itens/Cave Nail.png
Cave Nails,itens,,Cave Nails.png,png,images/itens/Cave Nails.png
Celebi Sculpture I,aventureiro,,Celebi Sculpture I.png,png,images/aventureiro/Celebi Sculpture I.png
Celebi Sculpture II,aventureiro,,Celebi Sculpture II.gif,gif,images/aventureiro/Celebi Sculpture II.gif
Celestial Outfit,estilista,,Celestial Outfit.png,png,images/estilista/Celestial Outfit.png
Cell Culture Tubes,professor,,Cell Culture Tubes.png,png,images/professor/Cell Culture Tubes.png
Centipede Armor,itens,,Centipede Armor.png,png,images/itens/Centipede Armor.png
Centipede Armors,itens,,Centipede Armors.png,png,images/itens/Centipede Armors.png
Cerise Shard,itens,,Cerise Shard.png,png,images/itens/Cerise Shard.png
Cerulean Carpet,estilista,,Cerulean Carpet.png,png,images/estilista/Cerulean Carpet.png
Cerulean Flowers,professor,,Cerulean Flowers.png,png,images/professor/Cerulean Flowers.png
Cerulean_NW_Tasks,tasks,maps,Cerulean_NW_Tasks.png,png,images/tasks/maps/Cerulean_NW_Tasks.png
Chair,estilista,,Chair.png,png,images/estilista/Chair.png
Chameleon Tapestry,estilista,,Chameleon Tapestry.png,png,images/estilista/Chameleon Tapestry.png
Chansey Bush,professor,,Chansey Bush.png,png,images/professor/Chansey Bush.png
Chansey Egg,itens,,Chansey Egg.png,png,images/itens/Chansey Egg.png
Charizard Bed,estilista,,Charizard Bed.png,png,images/estilista/Charizard Bed.png
Charizard Bush,professor,,Charizard Bush.png,png,images/professor/Charizard Bush.png
Charizard Male Outfit,estilista,,Charizard Male Outfit.png,png,images/estilista/Charizard Male Outfit.png
Charizard Tapestry,estilista,,Charizard Tapestry.png,png,images/estilista/Charizard Tapestry.png
Charla Flower,professor,,Charla Flower.png,png,images/professor/Charla Flower.png
Charmander Big Figure,estilista,,Charmander Big Figure.png,png,images/estilista/Charmander Big Figure.png
Charmander Computer,engenheiro,,Charmander Computer.png,png,images/engenheiro/Charmander Computer.png
Charmander Lamp,estilista,,Charmander Lamp.png,png,images/estilista/Charmander Lamp.png
Charmander Toolkit,estilista,,Charmander Toolkit.png,png,images/estilista/Charmander Toolkit.png
Charmander Toy,itens,,Charmander Toy.png,png,images/itens/Charmander Toy.png
Charmander Turret,engenheiro,,Charmander Turret.png,png,images/engenheiro/Charmander Turret.png
Charti Seed,professor,,Charti Seed.png,png,images/professor/Charti Seed.png
Checkered Wallpaper,estilista,,Checkered Wallpaper.png,png,images/estilista/Checkered Wallpaper.png
Chef Costume,aventureiro,,Chef Costume.png,png,images/aventureiro/Chef Costume.png
Chef Costume (Snorlax),estilista,,Chef Costume (Snorlax).png,png,images/estilista/Chef Costume (Snorlax).png
Cheri Seed,professor,,Cheri Seed.png,png,images/professor/Cheri Seed.png
Chesto Seed,professor,,Chesto Seed.png,png,images/professor/Chesto Seed.png
Chicken Feet,itens,,Chicken Feet.png,png,images/itens/Chicken Feet.png
Chilan Seed,professor,,Chilan Seed.png,png,images/professor/Chilan Seed.png
Chocolat Bar,itens,,Chocolat Bar.png,png,images/itens/Chocolat Bar.png
Chople Seed,professor,,Chople Seed.png,png,images/professor/Chople Seed.png
Cinnabar_NW_Tasks,tasks,maps,Cinnabar_NW_Tasks.png,png,images/tasks/maps/Cinnabar_NW_Tasks.png
Clan Costume,estilista,,Clan Costume.png,png,images/estilista/Clan Costume.png
Classic Bookcase,estilista,,Classic Bookcase.png,png,images/estilista/Classic Bookcase.png
Classic Clock,estilista,,Classic Clock.png,png,images/estilista/Classic Clock.png
Classic Dresser,estilista,,Classic Dresser.png,png,images/estilista/Classic Dresser.png
Classic Furniture,estilista,,Classic Furniture.png,png,images/estilista/Classic Furniture.png
Classic Lesson Board,professor,,Classic Lesson Board.png,png,images/professor/Classic Lesson Board.png
Classic Locker,engenheiro,,Classic Locker.png,png,images/engenheiro/Classic Locker.png
Classic Pillar,estilista,,Classic Pillar.png,png,images/estilista/Classic Pillar.png
Classic Plant,professor,,Classic Plant.png,png,images/professor/Classic Plant.png
Classic Poke Ball Holder,professor,,Classic Poke Ball Holder.png,png,images/professor/Classic Poke Ball Holder.png
Classic Television,engenheiro,,Classic Television.png,png,images/engenheiro/Classic Television.png
Classic Vampire Costume,estilista,,Classic Vampire Costume.png,png,images/estilista/Classic Vampire Costume.png
Classic Wall Bookcase,professor,,Classic Wall Bookcase.png,png,images/professor/Classic Wall Bookcase.png
Classic Wardrobe,estilista,,Classic Wardrobe.png,png,images/estilista/Classic Wardrobe.png
Claw Fossil,itens,,Claw Fossil.png,png,images/itens/Claw Fossil.png
Clean Refrigerator,engenheiro,,Clean Refrigerator.png,png,images/engenheiro/Clean Refrigerator.png
Clean Stove,engenheiro,,Clean Stove.png,png,images/engenheiro/Clean Stove.png
Closet,estilista,,Closet.png,png,images/estilista/Closet.png
Cloth,estilista,,Cloth.png,png,images/estilista/Cloth.png
Cloud,itens,,Cloud.png,png,images/itens/Cloud.png
Cloud Pillow,estilista,,Cloud Pillow.png,png,images/estilista/Cloud Pillow.png
Clown Mask,estilista,,Clown Mask.png,png,images/estilista/Clown Mask.png
Clown Nose,estilista,,Clown Nose.png,png,images/estilista/Clown Nose.png
Coba Seed,professor,,Coba Seed.png,png,images/professor/Coba Seed.png
Cocoon Stone,itens,stones,Cocoon Stone.gif,gif,images/itens/stones/Cocoon Stone.gif
Colbur Seed,professor,,Colbur Seed.png,png,images/professor/Colbur Seed.png
Colored Articuno Sculpture,aventureiro,,Colored Articuno Sculpture.png,png,images/aventureiro/Colored Articuno Sculpture.png
Colored Feather,itens,,Colored Feather.png,png,images/itens/Colored Feather.png
Colored Moltres Sculpture,aventureiro,,Colored Moltres Sculpture.png,png,images/aventureiro/Colored Moltres Sculpture.png
Colored Wings,itens,,Colored Wings.png,png,images/itens/Colored Wings.png
Colored Zapdos Sculpture,aventureiro,,Colored Zapdos Sculpture.png,png,images/aventureiro/Colored Zapdos Sculpture.png
Comb,itens,,Comb.png,png,images/itens/Comb.png
Compact High-Tech Computer,engenheiro,,Compact High-Tech Computer.png,png,images/engenheiro/Compact High-Tech Computer.png
Compressed Fire,itens,,Compressed Fire.gif,gif,images/itens/Compressed Fire.gif
Compressed Nightmare Gem,itens,nightmare,Compressed Nightmare Gem.png,png,images/itens/nightmare/Compressed Nightmare Gem.png
Compressed Nightmare Gems,itens,nightmare,Compressed Nightmare Gems.png,png,images/itens/nightmare/Compressed Nightmare Gems.png
Compressed Steel,itens,,Compressed Steel.png,png,images/itens/Compressed Steel.png
Computer,engenheiro,,Computer.png,png,images/engenheiro/Computer.png
Concrete Wallpaper,estilista,,Concrete Wallpaper.png,png,images/estilista/Concrete Wallpaper.png
Condensed Grass,professor,,Condensed Grass.png,png,images/professor/Condensed Grass.png
Condensed Strong Grass,professor,,Condensed Strong Grass.png,png,images/professor/Condensed Strong Grass.png
Continent Thorn,itens,,Continent Thorn.png,png,images/itens/Continent Thorn.png
Continent Thorns,itens,,Continent Thorns.png,png,images/itens/Continent Thorns.png
Cook Male Outfit,estilista,,Cook Male Outfit.png,png,images/estilista/Cook Male Outfit.png
Cooking Token,itens,,Cooking Token.png,png,images/itens/Cooking Token.png
Cool Glass Table,estilista,,Cool Glass Table.png,png,images/estilista/Cool Glass Table.png
Corrupted Black Hull,itens,nightmare,Corrupted Black Hull.gif,gif,images/itens/nightmare/Corrupted Black Hull.gif
Corrupted Black Hulls,itens,nightmare,Corrupted Black Hulls.gif,gif,images/itens/nightmare/Corrupted Black Hulls.gif
Corrupted Champion Belt,itens,nightmare,Corrupted Champion Belt.gif,gif,images/itens/nightmare/Corrupted Champion Belt.gif
Corrupted Champion Belts,itens,nightmare,Corrupted Champion Belts.gif,gif,images/itens/nightmare/Corrupted Champion Belts.gif
Corrupted Cow Tail,itens,nightmare,Corrupted Cow Tail.gif,gif,images/itens/nightmare/Corrupted Cow Tail.gif
Corrupted Cow Tails,itens,nightmare,Corrupted Cow Tails.gif,gif,images/itens/nightmare/Corrupted Cow Tails.gif
Corrupted Doll Star,itens,nightmare,Corrupted Doll Star.gif,gif,images/itens/nightmare/Corrupted Doll Star.gif
Corrupted Doll Stars,itens,nightmare,Corrupted Doll Stars.gif,gif,images/itens/nightmare/Corrupted Doll Stars.gif
Corrupted Dragon Teeth,itens,nightmare,Corrupted Dragon Teeth.gif,gif,images/itens/nightmare/Corrupted Dragon Teeth.gif
Corrupted Dragon Tooth,itens,nightmare,Corrupted Dragon Tooth.gif,gif,images/itens/nightmare/Corrupted Dragon Tooth.gif
Corrupted Feather,itens,nightmare,Corrupted Feather.gif,gif,images/itens/nightmare/Corrupted Feather.gif
Corrupted Feathers,itens,nightmare,Corrupted Feathers.gif,gif,images/itens/nightmare/Corrupted Feathers.gif
Corrupted Gem Star,itens,nightmare,Corrupted Gem Star.gif,gif,images/itens/nightmare/Corrupted Gem Star.gif
Corrupted Gem Stars,itens,nightmare,Corrupted Gem Stars.gif,gif,images/itens/nightmare/Corrupted Gem Stars.gif
Corrupted Gold Bar,itens,nightmare,Corrupted Gold Bar.png,png,images/itens/nightmare/Corrupted Gold Bar.png
Corrupted Ice Orb,itens,nightmare,Corrupted Ice Orb.gif,gif,images/itens/nightmare/Corrupted Ice Orb.gif
Corrupted Ice Orbs,itens,nightmare,Corrupted Ice Orbs.gif,gif,images/itens/nightmare/Corrupted Ice Orbs.gif
Corrupted Ice Piece,itens,nightmare,Corrupted Ice Piece.gif,gif,images/itens/nightmare/Corrupted Ice Piece.gif
Corrupted Ice Pieces,itens,nightmare,Corrupted Ice Pieces.gif,gif,images/itens/nightmare/Corrupted Ice Pieces.gif
Corrupted Iron Ore,itens,nightmare,Corrupted Iron Ore.png,png,images/itens/nightmare/Corrupted Iron Ore.png
Corrupted Lizard Tail,itens,nightmare,Corrupted Lizard Tail.gif,gif,images/itens/nightmare/Corrupted Lizard Tail.gif
Corrupted Magnet,itens,nightmare,Corrupted Magnet.gif,gif,images/itens/nightmare/Corrupted Magnet.gif
Corrupted Magnets,itens,nightmare,Corrupted Magnets.gif,gif,images/itens/nightmare/Corrupted Magnets.gif
Corrupted Miss Trace,itens,nightmare,Corrupted Miss Trace.png,png,images/itens/nightmare/Corrupted Miss Trace.png
Corrupted Miss Traces,itens,nightmare,Corrupted Miss Traces.gif,gif,images/itens/nightmare/Corrupted Miss Traces.gif
Corrupted Pinsir Horn,itens,nightmare,Corrupted Pinsir Horn.gif,gif,images/itens/nightmare/Corrupted Pinsir Horn.gif
Corrupted Pinsir Horns,itens,nightmare,Corrupted Pinsir Horns.gif,gif,images/itens/nightmare/Corrupted Pinsir Horns.gif
Corrupted Poisonous Tail,itens,nightmare,Corrupted Poisonous Tail.gif,gif,images/itens/nightmare/Corrupted Poisonous Tail.gif
Corrupted Poisonous Tails,itens,nightmare,Corrupted Poisonous Tails.gif,gif,images/itens/nightmare/Corrupted Poisonous Tails.gif
Corrupted Pot Of Lava,itens,nightmare,Corrupted Pot Of Lava.gif,gif,images/itens/nightmare/Corrupted Pot Of Lava.gif
Corrupted Pot Of Moss Bug,itens,nightmare,Corrupted Pot Of Moss Bug.gif,gif,images/itens/nightmare/Corrupted Pot Of Moss Bug.gif
Corrupted Pot Of Moss Bugs,itens,nightmare,Corrupted Pot Of Moss Bugs.gif,gif,images/itens/nightmare/Corrupted Pot Of Moss Bugs.gif
Corrupted Pots Of Lava,itens,nightmare,Corrupted Pots Of Lava.gif,gif,images/itens/nightmare/Corrupted Pots Of Lava.gif
Corrupted Scizor Claw,itens,nightmare,Corrupted Scizor Claw.gif,gif,images/itens/nightmare/Corrupted Scizor Claw.gif
Corrupted Steelix Tail,itens,nightmare,Corrupted Steelix Tail.gif,gif,images/itens/nightmare/Corrupted Steelix Tail.gif
Corrupted Steelix Tails,itens,nightmare,Corrupted Steelix Tails.gif,gif,images/itens/nightmare/Corrupted Steelix Tails.gif
Corrupted Streak Tail,itens,nightmare,Corrupted Streak Tail.gif,gif,images/itens/nightmare/Corrupted Streak Tail.gif
Corrupted Streak Tails,itens,nightmare,Corrupted Streak Tails.gif,gif,images/itens/nightmare/Corrupted Streak Tails.gif
Corrupted Tree Branch,itens,nightmare,Corrupted Tree Branch.gif,gif,images/itens/nightmare/Corrupted Tree Branch.gif
Corrupted Tree Branches,itens,nightmare,Corrupted Tree Branches.gif,gif,images/itens/nightmare/Corrupted Tree Branches.gif
Corrupted Venom Flute,itens,nightmare,Corrupted Venom Flute.gif,gif,images/itens/nightmare/Corrupted Venom Flute.gif
Corrupted Venom Flute,itens,nightmare,Corrupted Venom Flute.png,png,images/itens/nightmare/Corrupted Venom Flute.png
Corrupted Vines,itens,nightmare,Corrupted Vines.gif,gif,images/itens/nightmare/Corrupted Vines.gif
Cow Tail,itens,,Cow Tail.png,png,images/itens/Cow Tail.png
Cowboy Hat,itens,,Cowboy Hat.png,png,images/itens/Cowboy Hat.png
Cowgirl Costume,estilista,,Cowgirl Costume.png,png,images/estilista/Cowgirl Costume.png
Cowgirl Outfit,estilista,,Cowgirl Outfit.png,png,images/estilista/Cowgirl Outfit.png
Crab Claw,itens,,Crab Claw.png,png,images/itens/Crab Claw.png
Creepy Eye,itens,,Creepy Eye.png,png,images/itens/Creepy Eye.png
Crimson Feather,itens,,Crimson Feather.png,png,images/itens/Crimson Feather.png
Critical Catch Charm (Tier 1),estilista,,Critical Catch Charm (Tier 1).png,png,images/estilista/Critical Catch Charm (Tier 1).png
Critical Catch Upgrade (Tier 2),estilista,,Critical Catch Upgrade (Tier 2).png,png,images/estilista/Critical Catch Upgrade (Tier 2).png
Critical Catch Upgrade (Tier 3),estilista,,Critical Catch Upgrade (Tier 3).png,png,images/estilista/Critical Catch Upgrade (Tier 3).png
Critical Catch Upgrade (Tier 4),estilista,,Critical Catch Upgrade (Tier 4).png,png,images/estilista/Critical Catch Upgrade (Tier 4).png
Critical Catch Upgrade (Tier 5),estilista,,Critical Catch Upgrade (Tier 5).png,png,images/estilista/Critical Catch Upgrade (Tier 5).png
Critical Catch Upgrade (Tier 6),estilista,,Critical Catch Upgrade (Tier 6).png,png,images/estilista/Critical Catch Upgrade (Tier 6).png
Crypto Diamond Token,itens,raros,Crypto Diamond Token.png,png,images/itens/raros/Crypto Diamond Token.png
Crystal Cube,itens,,Crystal Cube.png,png,images/itens/Crystal Cube.png
Crystal Shard,itens,raros,Crystal Shard.png,png,images/itens/raros/Crystal Shard.png
Crystal Shards,itens,raros,Crystal Shards.png,png,images/itens/raros/Crystal Shards.png
Crystal Stone,itens,stones,Crystal Stone.gif,gif,images/itens/stones/Crystal Stone.gif
Crystal Stones,itens,stones,Crystal Stones.gif,gif,images/itens/stones/Crystal Stones.gif
Crystal Tail,itens,,Crystal Tail.png,png,images/itens/Crystal Tail.png
Crystalized Artifact,itens,raros,Crystalized Artifact.gif,gif,images/itens/raros/Crystalized Artifact.gif
Crystalized Artifact,itens,raros,Crystalized Artifact.png,png,images/itens/raros/Crystalized Artifact.png
Cure Flower,itens,,Cure Flower.png,png,images/itens/Cure Flower.png
Curly Ear,itens,,Curly Ear.png,png,images/itens/Curly Ear.png
Curly Pig Tail,itens,,Curly Pig Tail.png,png,images/itens/Curly Pig Tail.png
Curly Pig Tails,itens,,Curly Pig Tails.png,png,images/itens/Curly Pig Tails.png
Custom Countertop,estilista,,Custom Countertop.png,png,images/estilista/Custom Countertop.png
Custom Stove,estilista,,Custom Stove.png,png,images/estilista/Custom Stove.png
Cute Ball,itens,,Cute Ball.png,png,images/itens/Cute Ball.png
Cyan Alchemy Lab,professor,,Cyan Alchemy Lab.png,png,images/professor/Cyan Alchemy Lab.png
Cyan Ball Cam,estilista,,Cyan Ball Cam.png,png,images/estilista/Cyan Ball Cam.png
Cyan Bench,estilista,,Cyan Bench.png,png,images/estilista/Cyan Bench.png
Cyan Boost Machine,professor,,Cyan Boost Machine.png,png,images/professor/Cyan Boost Machine.png
Cyan Cool Sofa,estilista,,Cyan Cool Sofa.png,png,images/estilista/Cyan Cool Sofa.png
Cyan Electric Spark Ball Capsule,estilista,,Cyan Electric Spark Ball Capsule.gif,gif,images/estilista/Cyan Electric Spark Ball Capsule.gif
Cyan Fins,itens,,Cyan Fins.png,png,images/itens/Cyan Fins.png
Cyan Fox Tail,itens,,Cyan Fox Tail.png,png,images/itens/Cyan Fox Tail.png
Cyan Nightmare Gem,itens,nightmare,Cyan Nightmare Gem.png,png,images/itens/nightmare/Cyan Nightmare Gem.png
Cyan Wallpaper,estilista,,Cyan Wallpaper.png,png,images/estilista/Cyan Wallpaper.png
Cyan Wardrobe,estilista,,Cyan Wardrobe.png,png,images/estilista/Cyan Wardrobe.png
Cyber Mask,engenheiro,,Cyber Mask.png,png,images/engenheiro/Cyber Mask.png
Damson Shard,itens,,Damson Shard.png,png,images/itens/Damson Shard.png
Dark Beak,itens,,Dark Beak.png,png,images/itens/Dark Beak.png
Dark Blue Fog Ball Capsule,estilista,,Dark Blue Fog Ball Capsule.gif,gif,images/estilista/Dark Blue Fog Ball Capsule.gif
Dark Blue Luxurious Display Table,estilista,,Dark Blue Luxurious Display Table.png,png,images/estilista/Dark Blue Luxurious Display Table.png
Dark Ear,itens,,Dark Ear.png,png,images/itens/Dark Ear.png
Dark Fog Ball Capsule,estilista,,Dark Fog Ball Capsule.gif,gif,images/estilista/Dark Fog Ball Capsule.gif
Dark Gem,itens,,Dark Gem.png,png,images/itens/Dark Gem.png
Dark Green Mewtwo Throne,estilista,,Dark Green Mewtwo Throne.png,png,images/estilista/Dark Green Mewtwo Throne.png
Dark Moon,itens,,Dark Moon.png,png,images/itens/Dark Moon.png
Dark Pendant,estilista,,Dark Pendant.png,png,images/estilista/Dark Pendant.png
Dark Purple Tapestry,estilista,,Dark Purple Tapestry.png,png,images/estilista/Dark Purple Tapestry.png
Dark Wallpaper,estilista,,Dark Wallpaper.png,png,images/estilista/Dark Wallpaper.png
Darkness Stone,itens,stones,Darkness Stone.png,png,images/itens/stones/Darkness Stone.png
Darkrai Essence,itens,nightmare,Darkrai Essence.gif,gif,images/itens/nightmare/Darkrai Essence.gif
Darkrai Essences,itens,nightmare,Darkrai Essences.gif,gif,images/itens/nightmare/Darkrai Essences.gif
Data UFO,itens,,Data UFO.png,png,images/itens/Data UFO.png
Dawn Stone,itens,stones,Dawn Stone.png,png,images/itens/stones/Dawn Stone.png
Decorator Workshop,estilista,,Decorator Workshop.png,png,images/estilista/Decorator Workshop.png
Deluxe Stove,engenheiro,,Deluxe Stove.png,png,images/engenheiro/Deluxe Stove.png
Demon Costume,estilista,,Demon Costume.png,png,images/estilista/Demon Costume.png
Designer Workshop,estilista,,Designer Workshop.png,png,images/estilista/Designer Workshop.png
Desk,professor,,Desk.png,png,images/professor/Desk.png
Dew Beckers,itens,,Dew Beckers.png,png,images/itens/Dew Beckers.png
Diamond,itens,raros,Diamond.png,png,images/itens/raros/Diamond.png
Diamond Dust,estilista,,Diamond Dust.gif,gif,images/estilista/Diamond Dust.gif
Diamonds,itens,raros,Diamonds.png,png,images/itens/raros/Diamonds.png
Digital Clock,engenheiro,,Digital Clock.png,png,images/engenheiro/Digital Clock.png
Dimensional Stone,itens,stones,Dimensional Stone.png,png,images/itens/stones/Dimensional Stone.png
Disguise,estilista,,Disguise.png,png,images/estilista/Disguise.png
Ditto Armchair,estilista,,Ditto Armchair.png,png,images/estilista/Ditto Armchair.png
Diving Mask,estilista,,Diving Mask.png,png,images/estilista/Diving Mask.png
Diving Suit,estilista,,Diving Suit.png,png,images/estilista/Diving Suit.png
DJ Cap,estilista,,DJ Cap.png,png,images/estilista/DJ Cap.png
Document,professor,,Document.png,png,images/professor/Document.png
Dodo Cube,itens,,Dodo Cube.png,png,images/itens/Dodo Cube.png
Dodrio Feather,itens,,Dodrio Feather.png,png,images/itens/Dodrio Feather.png
Dog Collar,engenheiro,,Dog Collar.png,png,images/engenheiro/Dog Collar.png
Dog Ear,itens,,Dog Ear.png,png,images/itens/Dog Ear.png
Dog Tail,itens,,Dog Tail.png,png,images/itens/Dog Tail.png
Dog Tails,itens,,Dog Tails.png,png,images/itens/Dog Tails.png
Doll Star,itens,,Doll Star.png,png,images/itens/Doll Star.png
Dome Fossil,itens,,Dome Fossil.png,png,images/itens/Dome Fossil.png
Double Links,itens,,Double Links.png,png,images/itens/Double Links.png
Dragon Goo,itens,,Dragon Goo.png,png,images/itens/Dragon Goo.png
Dragon Karate Kimono,estilista,,Dragon Karate Kimono.png,png,images/estilista/Dragon Karate Kimono.png
Dragon Remains,itens,,Dragon Remains.png,png,images/itens/Dragon Remains.png
Dragon Scale,itens,,Dragon Scale.png,png,images/itens/Dragon Scale.png
Dragon Slime,itens,,Dragon Slime.png,png,images/itens/Dragon Slime.png
Dragon Tail,itens,,Dragon Tail.png,png,images/itens/Dragon Tail.png
Dragon Tamer Outfit,estilista,,Dragon Tamer Outfit.png,png,images/estilista/Dragon Tamer Outfit.png
Dragon Tattoo,estilista,,Dragon Tattoo.png,png,images/estilista/Dragon Tattoo.png
Dragon Tooth,itens,,Dragon Tooth.png,png,images/itens/Dragon Tooth.png
Dragon Wings,itens,,Dragon Wings.png,png,images/itens/Dragon Wings.png
Dragonair Locker,estilista,,Dragonair Locker.png,png,images/estilista/Dragonair Locker.png
Dragonite Bush,professor,,Dragonite Bush.png,png,images/professor/Dragonite Bush.png
Dragonite Tapestry,estilista,,Dragonite Tapestry.png,png,images/estilista/Dragonite Tapestry.png
Drawing Clipboard,itens,,Drawing Clipboard.png,png,images/itens/Drawing Clipboard.png
Dresser,estilista,,Dresser.png,png,images/estilista/Dresser.png
Drone,engenheiro,,Drone.png,png,images/engenheiro/Drone.png
Duelist Radar,engenheiro,,Duelist Radar.png,png,images/engenheiro/Duelist Radar.png
Dusk Ball,engenheiro,,Dusk Ball.png,png,images/engenheiro/Dusk Ball.png
Dynomutt Costume,estilista,,Dynomutt Costume.png,png,images/estilista/Dynomutt Costume.png
Earth Ball,itens,,Earth Ball.png,png,images/itens/Earth Ball.png
Earth Stone,itens,stones,Earth Stone.gif,gif,images/itens/stones/Earth Stone.gif
Eel Remains,itens,,Eel Remains.png,png,images/itens/Eel Remains.png
Eevee Cream,itens,,Eevee Cream.png,png,images/itens/Eevee Cream.png
Eggshell,itens,,Eggshell.png,png,images/itens/Eggshell.png
Electabuzz Big Figure,estilista,,Electabuzz Big Figure.png,png,images/estilista/Electabuzz Big Figure.png
Electabuzz Bush,professor,,Electabuzz Bush.png,png,images/professor/Electabuzz Bush.png
Electirizer,itens,,Electirizer.png,png,images/itens/Electirizer.png
Electivire Locker,estilista,,Electivire Locker.png,png,images/estilista/Electivire Locker.png
Electric Box,itens,,Electric Box.png,png,images/itens/Electric Box.png
Electric Fish Tail,itens,,Electric Fish Tail.png,png,images/itens/Electric Fish Tail.png
Electric Fish Tails,itens,,Electric Fish Tails.png,png,images/itens/Electric Fish Tails.png
Electric Pink Box,itens,,Electric Pink Box.png,png,images/itens/Electric Pink Box.png
Electric Rat Tail,itens,,Electric Rat Tail.png,png,images/itens/Electric Rat Tail.png
Electric Spark Ball Capsule,estilista,,Electric Spark Ball Capsule.gif,gif,images/estilista/Electric Spark Ball Capsule.gif
Electric Tail,itens,,Electric Tail.png,png,images/itens/Electric Tail.png
Electronic Components,itens,,Electronic Components.png,png,images/itens/Electronic Components.png
Electronic Junk,itens,,Electronic Junk.png,png,images/itens/Electronic Junk.png
Electronic Scraps,itens,,Electronic Scraps.png,png,images/itens/Electronic Scraps.png
Elefish Fin,itens,,Elefish Fin.png,png,images/itens/Elefish Fin.png
Elefish Fins,itens,,Elefish Fins.png,png,images/itens/Elefish Fins.png
Elephant Foot,itens,,Elephant Foot.png,png,images/itens/Elephant Foot.png
Elixir Lab,engenheiro,,Elixir Lab.png,png,images/engenheiro/Elixir Lab.png
Emerald,itens,,Emerald.png,png,images/itens/Emerald.png
Emoji Ball Capsule,estilista,,Emoji Ball Capsule.gif,gif,images/estilista/Emoji Ball Capsule.gif
Emperor Trident,itens,,Emperor Trident.png,png,images/itens/Emperor Trident.png
Emperor Tridents,itens,,Emperor Tridents.png,png,images/itens/Emperor Tridents.png
Empty Dusk Ball,itens,,Empty Dusk Ball.png,png,images/itens/Empty Dusk Ball.png
Empty Fast Ball,itens,,Empty Fast Ball.png,png,images/itens/Empty Fast Ball.png
Empty Fuel Tank,itens,,Empty Fuel Tank.png,png,images/itens/Empty Fuel Tank.png
Empty Great Ball,itens,,Empty Great Ball.png,png,images/itens/Empty Great Ball.png
Empty Heavy Ball,itens,,Empty Heavy Ball.png,png,images/itens/Empty Heavy Ball.png
Empty Janguru Ball,itens,,Empty Janguru Ball.png,png,images/itens/Empty Janguru Ball.png
Empty Magu Ball,itens,,Empty Magu Ball.png,png,images/itens/Empty Magu Ball.png
Empty Moon Ball,itens,,Empty Moon Ball.png,png,images/itens/Empty Moon Ball.png
Empty Net Ball,itens,,Empty Net Ball.png,png,images/itens/Empty Net Ball.png
Empty Nightmare Ball,itens,nightmare,Empty Nightmare Ball.png,png,images/itens/nightmare/Empty Nightmare Ball.png
Empty Nightmare Balls,itens,nightmare,Empty Nightmare Balls.png,png,images/itens/nightmare/Empty Nightmare Balls.png
Empty Poke Ball,itens,,Empty Poke Ball.png,png,images/itens/Empty Poke Ball.png
Empty Poké Ball,itens,,Empty Poké Ball.png,png,images/itens/Empty Poké Ball.png
Empty Sora Ball,itens,,Empty Sora Ball.png,png,images/itens/Empty Sora Ball.png
Empty Super Ball,itens,,Empty Super Ball.png,png,images/itens/Empty Super Ball.png
Empty Tale Ball,itens,,Empty Tale Ball.png,png,images/itens/Empty Tale Ball.png
Empty Tinker Ball,itens,,Empty Tinker Ball.png,png,images/itens/Empty Tinker Ball.png
Empty Ultra Ball,itens,,Empty Ultra Ball.png,png,images/itens/Empty Ultra Ball.png
Empty Vase,professor,,Empty Vase.png,png,images/professor/Empty Vase.png
Empty Yume Ball,itens,,Empty Yume Ball.png,png,images/itens/Empty Yume Ball.png
Enchanted Gem,itens,,Enchanted Gem.png,png,images/itens/Enchanted Gem.png
Energized Boost Stone,professor,,Energized Boost Stone.png,png,images/professor/Energized Boost Stone.png
Engine,engenheiro,,Engine.png,png,images/engenheiro/Engine.png
Enhancement Kit,engenheiro,,Enhancement Kit.png,png,images/engenheiro/Enhancement Kit.png
Enigma Stone,itens,stones,Enigma Stone.gif,gif,images/itens/stones/Enigma Stone.gif
Entei Bush,professor,,Entei Bush.png,png,images/professor/Entei Bush.png
Entei Sculpture,aventureiro,,Entei Sculpture.png,png,images/aventureiro/Entei Sculpture.png
Entei's Legendary Fur,itens,,Entei's Legendary Fur.png,png,images/itens/Entei's Legendary Fur.png
Eruption Ears,itens,,Eruption Ears.png,png,images/itens/Eruption Ears.png
Essence Of Fire,itens,,Essence Of Fire.png,png,images/itens/Essence Of Fire.png
Essence of Fire,itens,,Essence of Fire.gif,gif,images/itens/Essence of Fire.gif
Exercise Bicycle,engenheiro,,Exercise Bicycle.png,png,images/engenheiro/Exercise Bicycle.png
Exercise Machine,engenheiro,,Exercise Machine.png,png,images/engenheiro/Exercise Machine.png
Exotic Flower,professor,,Exotic Flower.png,png,images/professor/Exotic Flower.png
Exotic Plant,professor,,Exotic Plant.png,png,images/professor/Exotic Plant.png
Exotic Plant (Rank S),professor,,Exotic Plant (Rank S).png,png,images/professor/Exotic Plant (Rank S).png
Eyeball Wings,itens,,Eyeball Wings.png,png,images/itens/Eyeball Wings.png
Fairy Flower,itens,,Fairy Flower.png,png,images/itens/Fairy Flower.png
Fake Fork,engenheiro,,Fake Fork.png,png,images/engenheiro/Fake Fork.png
Fake Poké Ball Kit,engenheiro,,Fake Poké Ball Kit.png,png,images/engenheiro/Fake Poké Ball Kit.png
Fan,itens,,Fan.png,png,images/itens/Fan.png
Fancy Chair,estilista,,Fancy Chair.png,png,images/estilista/Fancy Chair.png
Fantasy Hat,estilista,,Fantasy Hat.png,png,images/estilista/Fantasy Hat.png
Farfetch'd Stick,itens,,Farfetch'd Stick.png,png,images/itens/Farfetch'd Stick.png
Farmer Costume,estilista,,Farmer Costume.png,png,images/estilista/Farmer Costume.png
Fashion Heart,estilista,,Fashion Heart.png,png,images/estilista/Fashion Heart.png
Fashion Point,itens,,Fashion Point.png,png,images/itens/Fashion Point.png
Fashion Point (100x),estilista,,Fashion Point (100x).png,png,images/estilista/Fashion Point (100x).png
Fashion Shoes,estilista,,Fashion Shoes.png,png,images/estilista/Fashion Shoes.png
Fast Ball,engenheiro,,Fast Ball.png,png,images/engenheiro/Fast Ball.png
Fast Ball Cam,estilista,,Fast Ball Cam.png,png,images/estilista/Fast Ball Cam.png
Feather,itens,,Feather.png,png,images/itens/Feather.png
Feather Stone,itens,stones,Feather Stone.png,png,images/itens/stones/Feather Stone.png
Feline Fur,itens,,Feline Fur.png,png,images/itens/Feline Fur.png
Feline Tail,itens,,Feline Tail.png,png,images/itens/Feline Tail.png
Female Ear,itens,,Female Ear.png,png,images/itens/Female Ear.png
Feraligatr Locker,estilista,,Feraligatr Locker.png,png,images/estilista/Feraligatr Locker.png
Fertilizer,professor,,Fertilizer.png,png,images/professor/Fertilizer.png
Fighting_Dojo_Tasks_NW,tasks,maps,Fighting_Dojo_Tasks_NW.png,png,images/tasks/maps/Fighting_Dojo_Tasks_NW.png
Fins,estilista,,Fins.png,png,images/estilista/Fins.png
Fire Ear,itens,,Fire Ear.png,png,images/itens/Fire Ear.png
Fire Feather,itens,,Fire Feather.png,png,images/itens/Fire Feather.png
Fire Horse Foot,itens,,Fire Horse Foot.png,png,images/itens/Fire Horse Foot.png
Fire Monkey Hair,itens,,Fire Monkey Hair.png,png,images/itens/Fire Monkey Hair.png
Fire Monkey Hairs,itens,,Fire Monkey Hairs.png,png,images/itens/Fire Monkey Hairs.png
Fire Stone,itens,stones,Fire Stone.gif,gif,images/itens/stones/Fire Stone.gif
Fire Stones,itens,stones,Fire Stones.gif,gif,images/itens/stones/Fire Stones.gif
Fire Tail,itens,,Fire Tail.png,png,images/itens/Fire Tail.png
Fish Fin,itens,,Fish Fin.png,png,images/itens/Fish Fin.png
Flame Bed,estilista,,Flame Bed.png,png,images/estilista/Flame Bed.png
Flame Chest,aventureiro,,Flame Chest.png,png,images/aventureiro/Flame Chest.png
Flame Cube,itens,,Flame Cube.png,png,images/itens/Flame Cube.png
Flame Essence,itens,,Flame Essence.gif,gif,images/itens/Flame Essence.gif
Flame Feather,itens,,Flame Feather.png,png,images/itens/Flame Feather.png
Flame Mecha,estilista,,Flame Mecha.png,png,images/estilista/Flame Mecha.png
Flame Tail,itens,,Flame Tail.png,png,images/itens/Flame Tail.png
Flame Tails,itens,,Flame Tails.png,png,images/itens/Flame Tails.png
Flamethrower Kit,estilista,,Flamethrower Kit.png,png,images/estilista/Flamethrower Kit.png
Flareon Bush,professor,,Flareon Bush.png,png,images/professor/Flareon Bush.png
Flash Mask,estilista,,Flash Mask.png,png,images/estilista/Flash Mask.png
Flat Iron,estilista,,Flat Iron.png,png,images/estilista/Flat Iron.png
Flower Hat,itens,,Flower Hat.png,png,images/itens/Flower Hat.png
Flowers,professor,,Flowers.png,png,images/professor/Flowers.png
Fluffy Lycan Tail,itens,,Fluffy Lycan Tail.png,png,images/itens/Fluffy Lycan Tail.png
Fluffy Purple Fur,itens,,Fluffy Purple Fur.png,png,images/itens/Fluffy Purple Fur.png
Flying Glasses,engenheiro,,Flying Glasses.png,png,images/engenheiro/Flying Glasses.png
Food Bag,itens,,Food Bag.png,png,images/itens/Food Bag.png
Forest Mecha,estilista,,Forest Mecha.png,png,images/estilista/Forest Mecha.png
Forgotten Fortress Rift Crystal,aventureiro,,Forgotten Fortress Rift Crystal.png,png,images/aventureiro/Forgotten Fortress Rift Crystal.png
Fox Hair,itens,,Fox Hair.png,png,images/itens/Fox Hair.png
Fox Tail,itens,,Fox Tail.png,png,images/itens/Fox Tail.png
Frankenstein Cap,engenheiro,,Frankenstein Cap.png,png,images/engenheiro/Frankenstein Cap.png
Freddy Krueger Costume,estilista,,Freddy Krueger Costume.png,png,images/estilista/Freddy Krueger Costume.png
Fried Omanyte,itens,,Fried Omanyte.png,png,images/itens/Fried Omanyte.png
Frost,itens,,Frost.png,png,images/itens/Frost.png
Frosty Hand,itens,,Frosty Hand.png,png,images/itens/Frosty Hand.png
Frosty Tail,itens,,Frosty Tail.png,png,images/itens/Frosty Tail.png
Frozen Tunnels Rift Crystal,aventureiro,,Frozen Tunnels Rift Crystal.png,png,images/aventureiro/Frozen Tunnels Rift Crystal.png
Fuchsia_NW_Tasks,tasks,maps,Fuchsia_NW_Tasks.png,png,images/tasks/maps/Fuchsia_NW_Tasks.png
Fuel Consumption Upgrade I,engenheiro,,Fuel Consumption Upgrade I.png,png,images/engenheiro/Fuel Consumption Upgrade I.png
Fuel Consumption Upgrade II,engenheiro,,Fuel Consumption Upgrade II.png,png,images/engenheiro/Fuel Consumption Upgrade II.png
Fuel Tank Upgrade I,engenheiro,,Fuel Tank Upgrade I.png,png,images/engenheiro/Fuel Tank Upgrade I.png
Fuel Tank Upgrade II,engenheiro,,Fuel Tank Upgrade II.png,png,images/engenheiro/Fuel Tank Upgrade II.png
Full Fuel Tank,engenheiro,,Full Fuel Tank.png,png,images/engenheiro/Full Fuel Tank.png
Fur,itens,,Fur.png,png,images/itens/Fur.png
Fur Ball,itens,,Fur Ball.png,png,images/itens/Fur Ball.png
Future Motorcycle,engenheiro,,Future Motorcycle.png,png,images/engenheiro/Future Motorcycle.png
Future Orb,itens,,Future Orb.png,png,images/itens/Future Orb.png
Futurist Balcony,engenheiro,,Futurist Balcony.png,png,images/engenheiro/Futurist Balcony.png
Futurist Cactus,professor,,Futurist Cactus.png,png,images/professor/Futurist Cactus.png
Futurist Cam,engenheiro,,Futurist Cam.png,png,images/engenheiro/Futurist Cam.png
Futurist Market,engenheiro,,Futurist Market.png,png,images/engenheiro/Futurist Market.png
Futurist Plant,professor,,Futurist Plant.png,png,images/professor/Futurist Plant.png
Futurist Poké Ball Holder,professor,,Futurist Poké Ball Holder.png,png,images/professor/Futurist Poké Ball Holder.png
Futurist Refrigerator,engenheiro,,Futurist Refrigerator.png,png,images/engenheiro/Futurist Refrigerator.png
Futurist Small Bush,professor,,Futurist Small Bush.png,png,images/professor/Futurist Small Bush.png
Futurist Stove,aventureiro,,Futurist Stove.png,png,images/aventureiro/Futurist Stove.png
Futurist TV,engenheiro,,Futurist TV.gif,gif,images/engenheiro/Futurist TV.gif
Gaia Tentacle,itens,,Gaia Tentacle.png,png,images/itens/Gaia Tentacle.png
Galarian Farfetch’D Leek,itens,,Galarian Farfetch’D Leek.png,png,images/itens/Galarian Farfetch’D Leek.png
Game Boy Advanced,engenheiro,,Game Boy Advanced.png,png,images/engenheiro/Game Boy Advanced.png
Game Boy Color,engenheiro,,Game Boy Color.png,png,images/engenheiro/Game Boy Color.png
Game Cube,engenheiro,,Game Cube.png,png,images/engenheiro/Game Cube.png
Gaming Computer,estilista,,Gaming Computer.png,png,images/estilista/Gaming Computer.png
Ganlon Seed,professor,,Ganlon Seed.png,png,images/professor/Ganlon Seed.png
Gardestrike Chemical,professor,,Gardestrike Chemical.png,png,images/professor/Gardestrike Chemical.png
Gardestrike Essence,itens,,Gardestrike Essence.png,png,images/itens/Gardestrike Essence.png
Gardestrike Tapestry,itens,,Gardestrike Tapestry.png,png,images/itens/Gardestrike Tapestry.png
Gardestrike Urn,itens,,Gardestrike Urn.png,png,images/itens/Gardestrike Urn.png
Gardevoir Locker,estilista,,Gardevoir Locker.png,png,images/estilista/Gardevoir Locker.png
Gear,engenheiro,,Gear.png,png,images/engenheiro/Gear.png
Gear Nose,itens,,Gear Nose.png,png,images/itens/Gear Nose.png
Gear Noses,itens,,Gear Noses.png,png,images/itens/Gear Noses.png
Gem Star,itens,raros,Gem Star.png,png,images/itens/raros/Gem Star.png
Gengar Bed,estilista,,Gengar Bed.png,png,images/estilista/Gengar Bed.png
Gengar Bush,professor,,Gengar Bush.png,png,images/professor/Gengar Bush.png
Gentleman Hat,estilista,,Gentleman Hat.png,png,images/estilista/Gentleman Hat.png
Ghost Candle,itens,,Ghost Candle.png,png,images/itens/Ghost Candle.png
Ghost Costume,estilista,,Ghost Costume.png,png,images/estilista/Ghost Costume.png
Ghost Costume (Haunter),estilista,,Ghost Costume (Haunter).png,png,images/estilista/Ghost Costume (Haunter).png
Ghost Costume (Tangela),estilista,,Ghost Costume (Tangela).png,png,images/estilista/Ghost Costume (Tangela).png
Ghost Essence,itens,,Ghost Essence.png,png,images/itens/Ghost Essence.png
Ghost Skull,itens,,Ghost Skull.png,png,images/itens/Ghost Skull.png
Giant Bat Wing,itens,,Giant Bat Wing.png,png,images/itens/Giant Bat Wing.png
Giant Beak,itens,,Giant Beak.png,png,images/itens/Giant Beak.png
Giant Dragon Pearl,itens,,Giant Dragon Pearl.gif,gif,images/itens/Giant Dragon Pearl.gif
Giant Drill,itens,,Giant Drill.png,png,images/itens/Giant Drill.png
Giant Fin,itens,,Giant Fin.png,png,images/itens/Giant Fin.png
Giant Hamburger,itens,,Giant Hamburger.png,png,images/itens/Giant Hamburger.png
Giant Hamburgers,itens,,Giant Hamburgers.png,png,images/itens/Giant Hamburgers.png
Giant Koban,itens,,Giant Koban.png,png,images/itens/Giant Koban.png
Giant Kobans,itens,,Giant Kobans.png,png,images/itens/Giant Kobans.png
Giant Pearl,itens,raros,Giant Pearl.png,png,images/itens/raros/Giant Pearl.png
Giant Piece Of Fur,itens,,Giant Piece Of Fur.png,png,images/itens/Giant Piece Of Fur.png
Giant Ruby,itens,raros,Giant Ruby.png,png,images/itens/raros/Giant Ruby.png
Giant Tusk,itens,,Giant Tusk.png,png,images/itens/Giant Tusk.png
Giant Tusks,itens,,Giant Tusks.png,png,images/itens/Giant Tusks.png
Gift Bag,itens,,Gift Bag.png,png,images/itens/Gift Bag.png
Gift Bags,itens,,Gift Bags.png,png,images/itens/Gift Bags.png
Glacial Herb,professor,,Glacial Herb.png,png,images/professor/Glacial Herb.png
Gladiador Helmet,itens,,Gladiador Helmet.png,png,images/itens/Gladiador Helmet.png
Gladiator Helmet,engenheiro,,Gladiator Helmet.png,png,images/engenheiro/Gladiator Helmet.png
Glass,engenheiro,,Glass.png,png,images/engenheiro/Glass.png
Glass Console Table,estilista,,Glass Console Table.png,png,images/estilista/Glass Console Table.png
Gleam Tail,itens,,Gleam Tail.png,png,images/itens/Gleam Tail.png
Gleam Tails,itens,,Gleam Tails.png,png,images/itens/Gleam Tails.png
Gligar Claw,itens,,Gligar Claw.png,png,images/itens/Gligar Claw.png
Goggles,estilista,,Goggles.png,png,images/estilista/Goggles.png
Gold Bar,aventureiro,,Gold Bar.png,png,images/aventureiro/Gold Bar.png
Gold Chest,aventureiro,,Gold Chest.png,png,images/aventureiro/Gold Chest.png
Gold Coin,aventureiro,,Gold Coin.png,png,images/aventureiro/Gold Coin.png
Golden Animal Statue,itens,,Golden Animal Statue.png,png,images/itens/Golden Animal Statue.png
Golden Cam,engenheiro,,Golden Cam.png,png,images/engenheiro/Golden Cam.png
Golden Classic Pillar,estilista,,Golden Classic Pillar.png,png,images/estilista/Golden Classic Pillar.png
Golden Drill,itens,,Golden Drill.png,png,images/itens/Golden Drill.png
Golden Finder,aventureiro,,Golden Finder.png,png,images/aventureiro/Golden Finder.png
Golden Nuggets,itens,,Golden Nuggets.png,png,images/itens/Golden Nuggets.png
Golden Steelix Tail,itens,,Golden Steelix Tail.png,png,images/itens/Golden Steelix Tail.png
Golem Bush,professor,,Golem Bush.png,png,images/professor/Golem Bush.png
Golem Tapestry,estilista,,Golem Tapestry.png,png,images/estilista/Golem Tapestry.png
Gosme,itens,,Gosme.png,png,images/itens/Gosme.png
Grabber Cube,itens,,Grabber Cube.png,png,images/itens/Grabber Cube.png
Grandma Outfit,estilista,,Grandma Outfit.png,png,images/estilista/Grandma Outfit.png
Granmaster1,tasks,maps,Granmaster1.jpg,jpg,images/tasks/maps/Granmaster1.jpg
Gravity Field,engenheiro,,Gravity Field.png,png,images/engenheiro/Gravity Field.png
Gray Bench,estilista,,Gray Bench.png,png,images/estilista/Gray Bench.png
Gray Blade Horn,itens,,Gray Blade Horn.png,png,images/itens/Gray Blade Horn.png
Gray Egg Chair,estilista,,Gray Egg Chair.png,png,images/estilista/Gray Egg Chair.png
Gray Postman Bag,estilista,,Gray Postman Bag.png,png,images/estilista/Gray Postman Bag.png
Gray Wallpaper,estilista,,Gray Wallpaper.png,png,images/estilista/Gray Wallpaper.png
Great Ball,engenheiro,,Great Ball.png,png,images/engenheiro/Great Ball.png
Great Ball Cam,estilista,,Great Ball Cam.png,png,images/estilista/Great Ball Cam.png
Great Petal,itens,,Great Petal.png,png,images/itens/Great Petal.png
Great Potion,professor,,Great Potion.png,png,images/professor/Great Potion.png
Greater XP Banner,estilista,,Greater XP Banner.png,png,images/estilista/Greater XP Banner.png
Green Alienware,engenheiro,,Green Alienware.png,png,images/engenheiro/Green Alienware.png
Green Apron,estilista,,Green Apron.png,png,images/estilista/Green Apron.png
Green Bandana,estilista,,Green Bandana.png,png,images/estilista/Green Bandana.png
Green Bed,estilista,,Green Bed.png,png,images/estilista/Green Bed.png
Green Belt Karate Kimono,estilista,,Green Belt Karate Kimono.png,png,images/estilista/Green Belt Karate Kimono.png
Green Bench,estilista,,Green Bench.png,png,images/estilista/Green Bench.png
Green Beret,estilista,,Green Beret.png,png,images/estilista/Green Beret.png
Green Checkered Wallpaper,estilista,,Green Checkered Wallpaper.png,png,images/estilista/Green Checkered Wallpaper.png
Green Crushed Leaf,itens,,Green Crushed Leaf.png,png,images/itens/Green Crushed Leaf.png
Green Crushed Leaves,itens,,Green Crushed Leaves.png,png,images/itens/Green Crushed Leaves.png
Green Dragon Scarf,estilista,,Green Dragon Scarf.png,png,images/estilista/Green Dragon Scarf.png
Green Dye,estilista,,Green Dye.png,png,images/estilista/Green Dye.png
Green Egg Chair,estilista,,Green Egg Chair.png,png,images/estilista/Green Egg Chair.png
Green Flame Chest,aventureiro,,Green Flame Chest.png,png,images/aventureiro/Green Flame Chest.png
Green Fog Ball Capsule,estilista,,Green Fog Ball Capsule.gif,gif,images/estilista/Green Fog Ball Capsule.gif
Green Futurist Market,engenheiro,,Green Futurist Market.png,png,images/engenheiro/Green Futurist Market.png
Green Gem,professor,,Green Gem.png,png,images/professor/Green Gem.png
Green Glass Table,engenheiro,,Green Glass Table.png,png,images/engenheiro/Green Glass Table.png
Green Globe,engenheiro,,Green Globe.png,png,images/engenheiro/Green Globe.png
Green Hair,itens,,Green Hair.png,png,images/itens/Green Hair.png
Green Hairs,itens,,Green Hairs.png,png,images/itens/Green Hairs.png
Green Healing Machine,estilista,,Green Healing Machine.png,png,images/estilista/Green Healing Machine.png
Green Luxurious Display Table,estilista,,Green Luxurious Display Table.png,png,images/estilista/Green Luxurious Display Table.png
Green Mewtwo Throne,estilista,,Green Mewtwo Throne.png,png,images/estilista/Green Mewtwo Throne.png
Green Microscope,engenheiro,,Green Microscope.png,png,images/engenheiro/Green Microscope.png
Green Motorcycle,engenheiro,,Green Motorcycle.png,png,images/engenheiro/Green Motorcycle.png
Green Piece of Coral,itens,,Green Piece of Coral.png,png,images/itens/Green Piece of Coral.png
Green Pixel Ball Capsule,estilista,,Green Pixel Ball Capsule.gif,gif,images/estilista/Green Pixel Ball Capsule.gif
Green Poke Ball Holder,professor,,Green Poke Ball Holder.png,png,images/professor/Green Poke Ball Holder.png
Green Poké Chest,estilista,,Green Poké Chest.png,png,images/estilista/Green Poké Chest.png
Green Scarf,estilista,,Green Scarf.png,png,images/estilista/Green Scarf.png
Green Scarf (Elétrico),estilista,,Green Scarf (Elétrico).png,png,images/estilista/Green Scarf (Elétrico).png
Green Scarf (Feather),estilista,,Green Scarf (Feather).png,png,images/estilista/Green Scarf (Feather).png
Green Scarf (Fur),estilista,,Green Scarf (Fur).png,png,images/estilista/Green Scarf (Fur).png
Green Scouter,engenheiro,,Green Scouter.png,png,images/engenheiro/Green Scouter.png
Green Sofa,estilista,,Green Sofa.png,png,images/estilista/Green Sofa.png
Green Tapestry,itens,,Green Tapestry.png,png,images/itens/Green Tapestry.png
Green Tissue,itens,,Green Tissue.png,png,images/itens/Green Tissue.png
Green Wall Lamp,engenheiro,,Green Wall Lamp.png,png,images/engenheiro/Green Wall Lamp.png
Green Wallpaper,estilista,,Green Wallpaper.png,png,images/estilista/Green Wallpaper.png
Green_e_Wildwind_Island_NW_Tasks,tasks,maps,Green_e_Wildwind_Island_NW_Tasks.png,png,images/tasks/maps/Green_e_Wildwind_Island_NW_Tasks.png
Greens,itens,,Greens.png,png,images/itens/Greens.png
Grey Poké Ball Table,estilista,,Grey Poké Ball Table.png,png,images/estilista/Grey Poké Ball Table.png
Grilled Gyarados Tail,itens,,Grilled Gyarados Tail.png,png,images/itens/Grilled Gyarados Tail.png
Growlithe Big Figure,estilista,,Growlithe Big Figure.png,png,images/estilista/Growlithe Big Figure.png
Gyarados Bed,estilista,,Gyarados Bed.png,png,images/estilista/Gyarados Bed.png
Gyarados Bush,professor,,Gyarados Bush.png,png,images/professor/Gyarados Bush.png
Gyarados Tail,itens,,Gyarados Tail.png,png,images/itens/Gyarados Tail.png
Haban Seed,professor,,Haban Seed.png,png,images/professor/Haban Seed.png
Hacker Outfit,estilista,,Hacker Outfit.png,png,images/estilista/Hacker Outfit.png
Hamburger,itens,,Hamburger.png,png,images/itens/Hamburger.png
Harlequin Shard,itens,,Harlequin Shard.png,png,images/itens/Harlequin Shard.png
HD Cine TV,engenheiro,,HD Cine TV.png,png,images/engenheiro/HD Cine TV.png
HD Home TV,engenheiro,,HD Home TV.png,png,images/engenheiro/HD Home TV.png
HD Tron TV,engenheiro,,HD Tron TV.png,png,images/engenheiro/HD Tron TV.png
Health Check,engenheiro,,Health Check.png,png,images/engenheiro/Health Check.png
Heart Stone,itens,stones,Heart Stone.gif,gif,images/itens/stones/Heart Stone.gif
Heart Tapestry,estilista,,Heart Tapestry.png,png,images/estilista/Heart Tapestry.png
Heat,itens,,Heat.png,png,images/itens/Heat.png
Heavy Ball,engenheiro,,Heavy Ball.png,png,images/engenheiro/Heavy Ball.png
Heavy Ball Cam,estilista,,Heavy Ball Cam.png,png,images/estilista/Heavy Ball Cam.png
Heavy Cam,engenheiro,,Heavy Cam.png,png,images/engenheiro/Heavy Cam.png
Heavy Thorn Ball,engenheiro,,Heavy Thorn Ball.png,png,images/engenheiro/Heavy Thorn Ball.png
Helicopter Leave,itens,,Helicopter Leave.png,png,images/itens/Helicopter Leave.png
Helicopter Leaves,itens,,Helicopter Leaves.png,png,images/itens/Helicopter Leaves.png
Helix Fossil,itens,,Helix Fossil.png,png,images/itens/Helix Fossil.png
Heracross Bush,professor,,Heracross Bush.png,png,images/professor/Heracross Bush.png
Hidden Relic,itens,,Hidden Relic.png,png,images/itens/Hidden Relic.png
High Tech CHIP,itens,,High Tech CHIP.png,png,images/itens/High Tech CHIP.png
Hippie Female Outfit,estilista,,Hippie Female Outfit.png,png,images/estilista/Hippie Female Outfit.png
Hippie Male Outfit,estilista,,Hippie Male Outfit.png,png,images/estilista/Hippie Male Outfit.png
Hitmonchan Bed,estilista,,Hitmonchan Bed.png,png,images/estilista/Hitmonchan Bed.png
Hoenn Password,itens,,Hoenn Password.png,png,images/itens/Hoenn Password.png
Hoenn_-_Dewford_NW_Tasks,tasks,maps,Hoenn_-_Dewford_NW_Tasks.png,png,images/tasks/maps/Hoenn_-_Dewford_NW_Tasks.png
Hoenn_-_Koga_Island_NW_Tasks,tasks,maps,Hoenn_-_Koga_Island_NW_Tasks.png,png,images/tasks/maps/Hoenn_-_Koga_Island_NW_Tasks.png
Holographic Notebook,engenheiro,,Holographic Notebook.png,png,images/engenheiro/Holographic Notebook.png
Home Picture,professor,,Home Picture.png,png,images/professor/Home Picture.png
Honey Herb,professor,,Honey Herb.png,png,images/professor/Honey Herb.png
Honey Pot,professor,,Honey Pot.png,png,images/professor/Honey Pot.png
Hoodlum Crest,itens,,Hoodlum Crest.png,png,images/itens/Hoodlum Crest.png
Horn,itens,,Horn.png,png,images/itens/Horn.png
Horn Drill,itens,,Horn Drill.png,png,images/itens/Horn Drill.png
Horse Saddle,itens,,Horse Saddle.png,png,images/itens/Horse Saddle.png
Horse Tail,itens,,Horse Tail.png,png,images/itens/Horse Tail.png
Hot Fur,itens,,Hot Fur.png,png,images/itens/Hot Fur.png
Hot Nightmare Potion,professor,,Hot Nightmare Potion.png,png,images/professor/Hot Nightmare Potion.png
Hotdog,itens,,Hotdog.png,png,images/itens/Hotdog.png
Hotdog Costume,aventureiro,,Hotdog Costume.png,png,images/aventureiro/Hotdog Costume.png
Houndour Big Figure,estilista,,Houndour Big Figure.png,png,images/estilista/Houndour Big Figure.png
Hourglass,engenheiro,,Hourglass.png,png,images/engenheiro/Hourglass.png
Hurricane_e_Cosmic,tasks,maps,Hurricane_e_Cosmic.png,png,images/tasks/maps/Hurricane_e_Cosmic.png
Hyena Tail,itens,,Hyena Tail.png,png,images/itens/Hyena Tail.png
Hyper Potion,professor,,Hyper Potion.png,png,images/professor/Hyper Potion.png
Ice Block,itens,,Ice Block.png,png,images/itens/Ice Block.png
Ice Blocks,itens,,Ice Blocks.png,png,images/itens/Ice Blocks.png
Ice Bra,itens,,Ice Bra.png,png,images/itens/Ice Bra.png
Ice Cream,estilista,,Ice Cream.png,png,images/estilista/Ice Cream.png
Ice Crystal,itens,,Ice Crystal.png,png,images/itens/Ice Crystal.png
Ice Crystals,itens,,Ice Crystals.png,png,images/itens/Ice Crystals.png
Ice Orb,itens,,Ice Orb.png,png,images/itens/Ice Orb.png
Ice Shard,itens,,Ice Shard.png,png,images/itens/Ice Shard.png
Ice Stone,itens,stones,Ice Stone.gif,gif,images/itens/stones/Ice Stone.gif
Illusion Cube,itens,,Illusion Cube.png,png,images/itens/Illusion Cube.png
Illusion Horns,itens,,Illusion Horns.png,png,images/itens/Illusion Horns.png
Imperial Chest,aventureiro,,Imperial Chest.png,png,images/aventureiro/Imperial Chest.png
Indigo Shard,itens,,Indigo Shard.png,png,images/itens/Indigo Shard.png
Indoor Plant,professor,,Indoor Plant.png,png,images/professor/Indoor Plant.png
Indoor Plant (Rank S),professor,,Indoor Plant (Rank S).png,png,images/professor/Indoor Plant (Rank S).png
Infernape Big Figure,estilista,,Infernape Big Figure.png,png,images/estilista/Infernape Big Figure.png
Infernape Locker,estilista,,Infernape Locker.png,png,images/estilista/Infernape Locker.png
Inhibitor Chip,itens,,Inhibitor Chip.png,png,images/itens/Inhibitor Chip.png
Insect Claw,itens,,Insect Claw.png,png,images/itens/Insect Claw.png
Insect Tail,itens,,Insect Tail.png,png,images/itens/Insect Tail.png
Insectoid Cube,itens,,Insectoid Cube.png,png,images/itens/Insectoid Cube.png
Iron Bar,engenheiro,,Iron Bar.png,png,images/engenheiro/Iron Bar.png
Iron Bracelet,itens,,Iron Bracelet.png,png,images/itens/Iron Bracelet.png
Iron Mask,engenheiro,,Iron Mask.png,png,images/engenheiro/Iron Mask.png
Iron Ore,itens,,Iron Ore.png,png,images/itens/Iron Ore.png
Iron Wall Elixir,professor,,Iron Wall Elixir.png,png,images/professor/Iron Wall Elixir.png
Ironhard Chemical,professor,,Ironhard Chemical.png,png,images/professor/Ironhard Chemical.png
Ironhard Essence,itens,,Ironhard Essence.png,png,images/itens/Ironhard Essence.png
Item Finder A,aventureiro,,Item Finder A.png,png,images/aventureiro/Item Finder A.png
Item Finder B,aventureiro,,Item Finder B.png,png,images/aventureiro/Item Finder B.png
Item Finder C,aventureiro,,Item Finder C.png,png,images/aventureiro/Item Finder C.png
Item Finder D,aventureiro,,Item Finder D.png,png,images/aventureiro/Item Finder D.png
Item Finder E,aventureiro,,Item Finder E.png,png,images/aventureiro/Item Finder E.png
Ivory Tusk,itens,,Ivory Tusk.png,png,images/itens/Ivory Tusk.png
Jacks Stove,engenheiro,,Jacks Stove.png,png,images/engenheiro/Jacks Stove.png
Janguru Ball,engenheiro,,Janguru Ball.png,png,images/engenheiro/Janguru Ball.png
Japanese Bonsai,professor,,Japanese Bonsai.png,png,images/professor/Japanese Bonsai.png
Jester Hat,estilista,,Jester Hat.png,png,images/estilista/Jester Hat.png
Jester Hat (Tangela),estilista,,Jester Hat (Tangela).png,png,images/estilista/Jester Hat (Tangela).png
Jewel Case,itens,,Jewel Case.png,png,images/itens/Jewel Case.png
Jigglypuff Computer,engenheiro,,Jigglypuff Computer.png,png,images/engenheiro/Jigglypuff Computer.png
Jigglypuff Toy,itens,,Jigglypuff Toy.png,png,images/itens/Jigglypuff Toy.png
Jungle Counter,estilista,,Jungle Counter.png,png,images/estilista/Jungle Counter.png
Jynx Big Figure,estilista,,Jynx Big Figure.png,png,images/estilista/Jynx Big Figure.png
Jynx Bush,professor,,Jynx Bush.png,png,images/professor/Jynx Bush.png
Kamikaze Elixir,professor,,Kamikaze Elixir.png,png,images/professor/Kamikaze Elixir.png
Kanga Ear,itens,,Kanga Ear.png,png,images/itens/Kanga Ear.png
Kangaskhan Locker,estilista,,Kangaskhan Locker.png,png,images/estilista/Kangaskhan Locker.png
Karate Duck,itens,,Karate Duck.png,png,images/itens/Karate Duck.png
Karate Master Outfit,estilista,,Karate Master Outfit.png,png,images/estilista/Karate Master Outfit.png
Karate Outfit,estilista,,Karate Outfit.png,png,images/estilista/Karate Outfit.png
Kasib Seed,professor,,Kasib Seed.png,png,images/professor/Kasib Seed.png
Kebia Seed,professor,,Kebia Seed.png,png,images/professor/Kebia Seed.png
Kecleon's Contract Stage 2,estilista,,Kecleon's Contract Stage 2.png,png,images/estilista/Kecleon's Contract Stage 2.png
Kecleon's Contract Stage 3,estilista,,Kecleon's Contract Stage 3.png,png,images/estilista/Kecleon's Contract Stage 3.png
Kee Seed,professor,,Kee Seed.png,png,images/professor/Kee Seed.png
Kermes Shard,itens,,Kermes Shard.png,png,images/itens/Kermes Shard.png
Kick Machine,itens,,Kick Machine.png,png,images/itens/Kick Machine.png
Kid Cap,estilista,,Kid Cap.png,png,images/estilista/Kid Cap.png
King Size Bed,estilista,,King Size Bed.png,png,images/estilista/King Size Bed.png
Kiss Makeup,estilista,,Kiss Makeup.png,png,images/estilista/Kiss Makeup.png
Kitchen Sink,engenheiro,,Kitchen Sink.png,png,images/engenheiro/Kitchen Sink.png
Kitchen Sink,itens,,Kitchen Sink.webp,webp,images/itens/Kitchen Sink.webp
Kite Antenna,itens,,Kite Antenna.png,png,images/itens/Kite Antenna.png
Knowledge Elixir,estilista,,Knowledge Elixir.png,png,images/estilista/Knowledge Elixir.png
Koffing Turret,engenheiro,,Koffing Turret.png,png,images/engenheiro/Koffing Turret.png
Krok Scale,itens,,Krok Scale.png,png,images/itens/Krok Scale.png
Ladybug Wing,itens,,Ladybug Wing.png,png,images/itens/Ladybug Wing.png
Lamp (1),estilista,,Lamp (1).png,png,images/estilista/Lamp (1).png
Lamp (2),estilista,,Lamp (2).png,png,images/estilista/Lamp (2).png
Land Shark Horn,itens,,Land Shark Horn.png,png,images/itens/Land Shark Horn.png
Land Shark Horns,itens,,Land Shark Horns.png,png,images/itens/Land Shark Horns.png
Lapras Bush,professor,,Lapras Bush.png,png,images/professor/Lapras Bush.png
Large Custom Stove,estilista,,Large Custom Stove.png,png,images/estilista/Large Custom Stove.png
Large Futurist Balcony,engenheiro,,Large Futurist Balcony.png,png,images/engenheiro/Large Futurist Balcony.png
Large Futurist Table,engenheiro,,Large Futurist Table.png,png,images/engenheiro/Large Futurist Table.png
Large Red Modern Stove,estilista,,Large Red Modern Stove.png,png,images/estilista/Large Red Modern Stove.png
Large Stove,estilista,,Large Stove.png,png,images/estilista/Large Stove.png
Large Table,estilista,,Large Table.png,png,images/estilista/Large Table.png
Laser Beam Turret,engenheiro,,Laser Beam Turret.png,png,images/engenheiro/Laser Beam Turret.png
Laser Gun Turret,engenheiro,,Laser Gun Turret.png,png,images/engenheiro/Laser Gun Turret.png
Lavender_NW_Tasks,tasks,maps,Lavender_NW_Tasks.png,png,images/tasks/maps/Lavender_NW_Tasks.png
LCD Television,engenheiro,,LCD Television.png,png,images/engenheiro/LCD Television.png
Leaf Pillow,estilista,,Leaf Pillow.png,png,images/estilista/Leaf Pillow.png
Leaf Stone,itens,stones,Leaf Stone.gif,gif,images/itens/stones/Leaf Stone.gif
Leather,estilista,,Leather.png,png,images/estilista/Leather.png
Leaves,professor,,Leaves.png,png,images/professor/Leaves.png
Leek Lance,itens,,Leek Lance.png,png,images/itens/Leek Lance.png
Leek Shield,itens,,Leek Shield.png,png,images/itens/Leek Shield.png
Leftover Garbage,itens,,Leftover Garbage.png,png,images/itens/Leftover Garbage.png
Legendary Beasts Lockers Recipe,estilista,,Legendary Beasts Lockers Recipe.png,png,images/estilista/Legendary Beasts Lockers Recipe.png
Lesser XP Banner,estilista,,Lesser XP Banner.png,png,images/estilista/Lesser XP Banner.png
Lesson Board,professor,,Lesson Board.png,png,images/professor/Lesson Board.png
Life Jacket,estilista,,Life Jacket.png,png,images/estilista/Life Jacket.png
Lifeguard Costume,estilista,,Lifeguard Costume.png,png,images/estilista/Lifeguard Costume.png
Light Bomb,engenheiro,,Light Bomb.png,png,images/engenheiro/Light Bomb.png
Light Green Luxurious Display Table,estilista,,Light Green Luxurious Display Table.png,png,images/estilista/Light Green Luxurious Display Table.png
Lightstorm_Island_NW_Tasks,tasks,maps,Lightstorm_Island_NW_Tasks.png,png,images/tasks/maps/Lightstorm_Island_NW_Tasks.png
Linearly Guided Hypnosis,itens,,Linearly Guided Hypnosis.png,png,images/itens/Linearly Guided Hypnosis.png
Link Remains,itens,,Link Remains.png,png,images/itens/Link Remains.png
Lizard Tail,itens,,Lizard Tail.png,png,images/itens/Lizard Tail.png
Lobster Claw,itens,,Lobster Claw.png,png,images/itens/Lobster Claw.png
Locker,estilista,,Locker.png,png,images/estilista/Locker.png
Lockpick,aventureiro,,Lockpick.png,png,images/aventureiro/Lockpick.png
Locksmith of Shell,itens,,Locksmith of Shell.png,png,images/itens/Locksmith of Shell.png
Log,itens,,Log.png,png,images/itens/Log.png
Long Antenna,itens,,Long Antenna.png,png,images/itens/Long Antenna.png
Longcap Female Outfit,estilista,,Longcap Female Outfit.png,png,images/estilista/Longcap Female Outfit.png
Lost Jungle Rift Crystal,aventureiro,,Lost Jungle Rift Crystal.png,png,images/aventureiro/Lost Jungle Rift Crystal.png
Lost_Island_NW_Tasks,tasks,maps,Lost_Island_NW_Tasks.png,png,images/tasks/maps/Lost_Island_NW_Tasks.png
Lovely Topknot,itens,,Lovely Topknot.png,png,images/itens/Lovely Topknot.png
Lovely Topknots,itens,,Lovely Topknots.png,png,images/itens/Lovely Topknots.png
Lucario Bed,estilista,,Lucario Bed.png,png,images/estilista/Lucario Bed.png
Lucario Bush,professor,,Lucario Bush.png,png,images/professor/Lucario Bush.png
Luchador Mask,itens,,Luchador Mask.png,png,images/itens/Luchador Mask.png
Luck Medallion,itens,,Luck Medallion.png,png,images/itens/Luck Medallion.png
Lum Seed,professor,,Lum Seed.png,png,images/professor/Lum Seed.png
Lunch Pack,engenheiro,,Lunch Pack.png,png,images/engenheiro/Lunch Pack.png
Lure Ball Cam,estilista,,Lure Ball Cam.png,png,images/estilista/Lure Ball Cam.png
Lycanroc Male Outfit,estilista,,Lycanroc Male Outfit.png,png,images/estilista/Lycanroc Male Outfit.png
M.I.B Costume,estilista,,M.I.B Costume.png,png,images/estilista/M.I.B Costume.png
Macbook,engenheiro,,Macbook.png,png,images/engenheiro/Macbook.png
Mach Nail,itens,,Mach Nail.png,png,images/itens/Mach Nail.png
Mach Nails,itens,,Mach Nails.png,png,images/itens/Mach Nails.png
Machamp Bush,professor,,Machamp Bush.png,png,images/professor/Machamp Bush.png
Mafia Cap,estilista,,Mafia Cap.png,png,images/estilista/Mafia Cap.png
Mage Hat,estilista,,Mage Hat.png,png,images/estilista/Mage Hat.png
Magic Kit,estilista,,Magic Kit.png,png,images/estilista/Magic Kit.png
Magician Hat,estilista,,Magician Hat.png,png,images/estilista/Magician Hat.png
Magikarp Aquarium,estilista,,Magikarp Aquarium.gif,gif,images/estilista/Magikarp Aquarium.gif
Magikarp Fin,itens,,Magikarp Fin.png,png,images/itens/Magikarp Fin.png
Magma Foot,itens,,Magma Foot.png,png,images/itens/Magma Foot.png
Magmar Big Figure,estilista,,Magmar Big Figure.png,png,images/estilista/Magmar Big Figure.png
Magmar Bush,professor,,Magmar Bush.png,png,images/professor/Magmar Bush.png
Magmarizer,itens,,Magmarizer.png,png,images/itens/Magmarizer.png
Magnet,itens,,Magnet.png,png,images/itens/Magnet.png
Magnet Remains,itens,,Magnet Remains.png,png,images/itens/Magnet Remains.png
Magnetic Cube,itens,,Magnetic Cube.png,png,images/itens/Magnetic Cube.png
Magu Ball,engenheiro,,Magu Ball.png,png,images/engenheiro/Magu Ball.png
Majin Costume,estilista,,Majin Costume.png,png,images/estilista/Majin Costume.png
Major Seed Bag,professor,,Major Seed Bag.png,png,images/professor/Major Seed Bag.png
Male Ear,itens,,Male Ear.png,png,images/itens/Male Ear.png
Malefic Chemical,professor,,Malefic Chemical.png,png,images/professor/Malefic Chemical.png
Malefic Essence,itens,,Malefic Essence.png,png,images/itens/Malefic Essence.png
Malefic Tapestry,itens,,Malefic Tapestry.png,png,images/itens/Malefic Tapestry.png
Malefic Urn,itens,,Malefic Urn.png,png,images/itens/Malefic Urn.png
Marble Classic Pillar,estilista,,Marble Classic Pillar.png,png,images/estilista/Marble Classic Pillar.png
Marble Counter,estilista,,Marble Counter.png,png,images/estilista/Marble Counter.png
Mariachi Costume,estilista,,Mariachi Costume.png,png,images/estilista/Mariachi Costume.png
Marowak Bed,estilista,,Marowak Bed.png,png,images/estilista/Marowak Bed.png
Martial Arts Scroll,itens,,Martial Arts Scroll.png,png,images/itens/Martial Arts Scroll.png
Martial Tail,itens,,Martial Tail.png,png,images/itens/Martial Tail.png
Mask os Faceless,itens,,Mask os Faceless.png,png,images/itens/Mask os Faceless.png
Masked Male Outfit,estilista,,Masked Male Outfit.png,png,images/estilista/Masked Male Outfit.png
Massive Vines,itens,,Massive Vines.png,png,images/itens/Massive Vines.png
Master Ball Cam,estilista,,Master Ball Cam.png,png,images/estilista/Master Ball Cam.png
Master Tapestry,estilista,,Master Tapestry.png,png,images/estilista/Master Tapestry.png
Max Revive,professor,,Max Revive.png,png,images/professor/Max Revive.png
Max Volt Paw,itens,,Max Volt Paw.png,png,images/itens/Max Volt Paw.png
Mecha,engenheiro,,Mecha.png,png,images/engenheiro/Mecha.png
Mecha Cam,engenheiro,,Mecha Cam.png,png,images/engenheiro/Mecha Cam.png
Mecha Chest,engenheiro,,Mecha Chest.png,png,images/engenheiro/Mecha Chest.png
Mecha Chip,professor,,Mecha Chip.png,png,images/professor/Mecha Chip.png
Mecha Device,engenheiro,,Mecha Device.png,png,images/engenheiro/Mecha Device.png
Mecha Left Arm,engenheiro,,Mecha Left Arm.png,png,images/engenheiro/Mecha Left Arm.png
Mecha Reactor,itens,,Mecha Reactor.png,png,images/itens/Mecha Reactor.png
Mecha Right Arm,engenheiro,,Mecha Right Arm.png,png,images/engenheiro/Mecha Right Arm.png
Medicine,professor,,Medicine.png,png,images/professor/Medicine.png
Mediling,itens,,Mediling.png,png,images/itens/Mediling.png
Medium Nightmare Potion,professor,,Medium Nightmare Potion.png,png,images/professor/Medium Nightmare Potion.png
Medium Nightmare Spray,professor,,Medium Nightmare Spray.png,png,images/professor/Medium Nightmare Spray.png
Mega Lucario Bush,professor,,Mega Lucario Bush.png,png,images/professor/Mega Lucario Bush.png
Mega Scizor Bush,professor,,Mega Scizor Bush.png,png,images/professor/Mega Scizor Bush.png
Meowth Female Outfit,estilista,,Meowth Female Outfit.png,png,images/estilista/Meowth Female Outfit.png
Metal Claw,engenheiro,,Metal Claw.png,png,images/engenheiro/Metal Claw.png
Metal Coat,itens,,Metal Coat.png,png,images/itens/Metal Coat.png
Metal Hull,itens,,Metal Hull.png,png,images/itens/Metal Hull.png
Metal Jaw,itens,,Metal Jaw.png,png,images/itens/Metal Jaw.png
Metal Pack,engenheiro,,Metal Pack.png,png,images/engenheiro/Metal Pack.png
Metal Pink Jaw,itens,,Metal Pink Jaw.png,png,images/itens/Metal Pink Jaw.png
Metal Scraps,itens,,Metal Scraps.png,png,images/itens/Metal Scraps.png
Metal Stone,itens,stones,Metal Stone.png,png,images/itens/stones/Metal Stone.png
Metal Trunk,itens,,Metal Trunk.png,png,images/itens/Metal Trunk.png
Mew & Mewtwo Sculpture,aventureiro,,Mew & Mewtwo Sculpture.gif,gif,images/aventureiro/Mew & Mewtwo Sculpture.gif
Mew Bush,professor,,Mew Bush.png,png,images/professor/Mew Bush.png
Mewtwo Bush,professor,,Mewtwo Bush.png,png,images/professor/Mewtwo Bush.png
Mewtwo Male Outfit,estilista,,Mewtwo Male Outfit.png,png,images/estilista/Mewtwo Male Outfit.png
Mewtwo Tapestry,estilista,,Mewtwo Tapestry.png,png,images/estilista/Mewtwo Tapestry.png
Microphone,itens,,Microphone.png,png,images/itens/Microphone.png
Microwave,aventureiro,,Microwave.png,png,images/aventureiro/Microwave.png
Microwave Oven,estilista,,Microwave Oven.png,png,images/estilista/Microwave Oven.png
Mimic Clothes,itens,,Mimic Clothes.png,png,images/itens/Mimic Clothes.png
Mimikyu Lamp,estilista,,Mimikyu Lamp.png,png,images/estilista/Mimikyu Lamp.png
Mineral Cube,itens,,Mineral Cube.png,png,images/itens/Mineral Cube.png
Mini Ammunition Factory,engenheiro,,Mini Ammunition Factory.png,png,images/engenheiro/Mini Ammunition Factory.png
Mini Volcano,itens,,Mini Volcano.png,png,images/itens/Mini Volcano.png
Mini Vulcano,itens,,Mini Vulcano.png,png,images/itens/Mini Vulcano.png
Mini Wing,itens,,Mini Wing.png,png,images/itens/Mini Wing.png
Mini Wings,itens,,Mini Wings.png,png,images/itens/Mini Wings.png
Minor Seed Bag,professor,,Minor Seed Bag.png,png,images/professor/Minor Seed Bag.png
Mirror Stone,itens,stones,Mirror Stone.png,png,images/itens/stones/Mirror Stone.png
Misdreavus Tapestry,estilista,,Misdreavus Tapestry.png,png,images/estilista/Misdreavus Tapestry.png
Miss Trace,itens,,Miss Trace.png,png,images/itens/Miss Trace.png
Mist Tapestry,estilista,,Mist Tapestry.png,png,images/estilista/Mist Tapestry.png
Modern Leather Sofa,estilista,,Modern Leather Sofa.png,png,images/estilista/Modern Leather Sofa.png
Modern Stove,estilista,,Modern Stove.png,png,images/estilista/Modern Stove.png
Modern Table,estilista,,Modern Table.png,png,images/estilista/Modern Table.png
Modern Table (S),estilista,,Modern Table (S).png,png,images/estilista/Modern Table (S).png
Modern Television,engenheiro,,Modern Television.png,png,images/engenheiro/Modern Television.png
Mole Big Hair,itens,,Mole Big Hair.png,png,images/itens/Mole Big Hair.png
Mole Big Hairs,itens,,Mole Big Hairs.png,png,images/itens/Mole Big Hairs.png
Mole Hair,itens,,Mole Hair.png,png,images/itens/Mole Hair.png
Mole Hairs,itens,,Mole Hairs.png,png,images/itens/Mole Hairs.png
Moltres Sculpture,aventureiro,,Moltres Sculpture.png,png,images/aventureiro/Moltres Sculpture.png
Monk Robe,estilista,,Monk Robe.png,png,images/estilista/Monk Robe.png
Monkey Paw,itens,,Monkey Paw.png,png,images/itens/Monkey Paw.png
Moon Ball,engenheiro,,Moon Ball.png,png,images/engenheiro/Moon Ball.png
Moon Piece,itens,,Moon Piece.png,png,images/itens/Moon Piece.png
Moonlight Cube,itens,,Moonlight Cube.png,png,images/itens/Moonlight Cube.png
Moonlight Ear,itens,,Moonlight Ear.png,png,images/itens/Moonlight Ear.png
Motherboard,itens,,Motherboard.png,png,images/itens/Motherboard.png
Mount Big Horn,itens,,Mount Big Horn.png,png,images/itens/Mount Big Horn.png
Mount Horn,itens,,Mount Horn.png,png,images/itens/Mount Horn.png
Mount Horns,itens,,Mount Horns.png,png,images/itens/Mount Horns.png
Mow,itens,,Mow.png,png,images/itens/Mow.png
Mummy Toy,itens,,Mummy Toy.png,png,images/itens/Mummy Toy.png
Mushroom,itens,,Mushroom.png,png,images/itens/Mushroom.png
Mystic Flower,itens,,Mystic Flower.png,png,images/itens/Mystic Flower.png
Mystic Fragment,itens,,Mystic Fragment.png,png,images/itens/Mystic Fragment.png
Mystic Lamp,aventureiro,,Mystic Lamp.png,png,images/aventureiro/Mystic Lamp.png
Mystic Petal,itens,,Mystic Petal.png,png,images/itens/Mystic Petal.png
Mystic Star,itens,,Mystic Star.png,png,images/itens/Mystic Star.png
Mystic Stars,itens,,Mystic Stars.png,png,images/itens/Mystic Stars.png
Mystical Tailoring Machine,estilista,,Mystical Tailoring Machine.png,png,images/estilista/Mystical Tailoring Machine.png
Nail,itens,,Nail.png,png,images/itens/Nail.png
Nature Energy,professor,,Nature Energy.png,png,images/professor/Nature Energy.png
Nature Herb,professor,,Nature Herb.png,png,images/professor/Nature Herb.png
Naturia Chemical,professor,,Naturia Chemical.png,png,images/professor/Naturia Chemical.png
Naturia Essence,itens,,Naturia Essence.png,png,images/itens/Naturia Essence.png
Naturia Tapestry,itens,,Naturia Tapestry.png,png,images/itens/Naturia Tapestry.png
Naturia Urn,itens,,Naturia Urn.png,png,images/itens/Naturia Urn.png
Neodymium Magnet,itens,,Neodymium Magnet.png,png,images/itens/Neodymium Magnet.png
Neon Counter,estilista,,Neon Counter.png,png,images/estilista/Neon Counter.png
Net Ball,engenheiro,,Net Ball.png,png,images/engenheiro/Net Ball.png
Neutral Essence,itens,,Neutral Essence.png,png,images/itens/Neutral Essence.png
Neutron Bomb,professor,,Neutron Bomb.gif,gif,images/professor/Neutron Bomb.gif
Nidoking Bush,professor,,Nidoking Bush.png,png,images/professor/Nidoking Bush.png
Nightmare Ball,engenheiro,,Nightmare Ball.png,png,images/engenheiro/Nightmare Ball.png
Nightmare Builder Kit,estilista,,Nightmare Builder Kit.gif,gif,images/estilista/Nightmare Builder Kit.gif
Nightmare Compass,aventureiro,,Nightmare Compass.gif,gif,images/aventureiro/Nightmare Compass.gif
Nightmare Finder,aventureiro,,Nightmare Finder.png,png,images/aventureiro/Nightmare Finder.png
Nightmare Gem,itens,nightmare,Nightmare Gem.png,png,images/itens/nightmare/Nightmare Gem.png
Nightmare Mecha,estilista,,Nightmare Mecha.png,png,images/estilista/Nightmare Mecha.png
Nightmare Ore,itens,nightmare,Nightmare Ore.png,png,images/itens/nightmare/Nightmare Ore.png
Nightmare Pokégear,engenheiro,,Nightmare Pokégear.png,png,images/engenheiro/Nightmare Pokégear.png
Nightmare Revives,professor,,Nightmare Revives.png,png,images/professor/Nightmare Revives.png
Nightmare Seed Bag,professor,,Nightmare Seed Bag.gif,gif,images/professor/Nightmare Seed Bag.gif
Nightmare Seed Bags,itens,nightmare,Nightmare Seed Bags.gif,gif,images/itens/nightmare/Nightmare Seed Bags.gif
Nightmare Shield Elixir,professor,,Nightmare Shield Elixir.png,png,images/professor/Nightmare Shield Elixir.png
Nightmare Style Point,itens,nightmare,Nightmare Style Point.gif,gif,images/itens/nightmare/Nightmare Style Point.gif
Nightmare Unusual Ore,itens,nightmare,Nightmare Unusual Ore.png,png,images/itens/nightmare/Nightmare Unusual Ore.png
Nightmare XP Totem,estilista,,Nightmare XP Totem.png,png,images/estilista/Nightmare XP Totem.png
Ninja Costume,estilista,,Ninja Costume.png,png,images/estilista/Ninja Costume.png
Ninja Mask,estilista,,Ninja Mask.png,png,images/estilista/Ninja Mask.png
Ninja Mask (Diglett),estilista,,Ninja Mask (Diglett).png,png,images/estilista/Ninja Mask (Diglett).png
Nintendo 3DS,engenheiro,,Nintendo 3DS.png,png,images/engenheiro/Nintendo 3DS.png
Nintendo Switch,engenheiro,,Nintendo Switch.png,png,images/engenheiro/Nintendo Switch.png
Nintendo Wii,engenheiro,,Nintendo Wii.png,png,images/engenheiro/Nintendo Wii.png
Nomel Seed,professor,,Nomel Seed.png,png,images/professor/Nomel Seed.png
Notebook,engenheiro,,Notebook.png,png,images/engenheiro/Notebook.png
Nu Ball,itens,,Nu Ball.png,png,images/itens/Nu Ball.png
Nunchaku Ninja Pack,estilista,,Nunchaku Ninja Pack.png,png,images/estilista/Nunchaku Ninja Pack.png
Nurse Costume,estilista,,Nurse Costume.png,png,images/estilista/Nurse Costume.png
Nursering Kit,estilista,,Nursering Kit.png,png,images/estilista/Nursering Kit.png
Oak Log,itens,,Oak Log.png,png,images/itens/Oak Log.png
Oak Log (100x),estilista,,Oak Log (100x).png,png,images/estilista/Oak Log (100x).png
Oak Planks,estilista,,Oak Planks.png,png,images/estilista/Oak Planks.png
Oak Table,estilista,,Oak Table.png,png,images/estilista/Oak Table.png
Occa Seed,professor,,Occa Seed.png,png,images/professor/Occa Seed.png
Oddish Futurist Plant,professor,,Oddish Futurist Plant.png,png,images/professor/Oddish Futurist Plant.png
Oddish Plant,professor,,Oddish Plant.png,png,images/professor/Oddish Plant.png
Official Tapestry,estilista,,Official Tapestry.png,png,images/estilista/Official Tapestry.png
Old Amber,itens,,Old Amber.png,png,images/itens/Old Amber.png
Old Ball,engenheiro,,Old Ball.png,png,images/engenheiro/Old Ball.png
Old Beard,professor,,Old Beard.png,png,images/professor/Old Beard.png
Old Book,itens,,Old Book.png,png,images/itens/Old Book.png
Old Man Glasses,estilista,,Old Man Glasses.png,png,images/estilista/Old Man Glasses.png
Old Map I,aventureiro,,Old Map I.png,png,images/aventureiro/Old Map I.png
Old Map II,aventureiro,,Old Map II.png,png,images/aventureiro/Old Map II.png
Old Map III,aventureiro,,Old Map III.png,png,images/aventureiro/Old Map III.png
Old Map IV,aventureiro,,Old Map IV.png,png,images/aventureiro/Old Map IV.png
Omanyte Toy,itens,,Omanyte Toy.png,png,images/itens/Omanyte Toy.png
Onix Tail,itens,,Onix Tail.png,png,images/itens/Onix Tail.png
Orange Bench,estilista,,Orange Bench.png,png,images/estilista/Orange Bench.png
Orange Capsule Market,engenheiro,,Orange Capsule Market.png,png,images/engenheiro/Orange Capsule Market.png
Orange Fog Ball Capsule,estilista,,Orange Fog Ball Capsule.gif,gif,images/estilista/Orange Fog Ball Capsule.gif
Orange Luxurious Display Table,estilista,,Orange Luxurious Display Table.png,png,images/estilista/Orange Luxurious Display Table.png
Orange Mewtwo Throne,estilista,,Orange Mewtwo Throne.png,png,images/estilista/Orange Mewtwo Throne.png
Orange Office Chair,estilista,,Orange Office Chair.png,png,images/estilista/Orange Office Chair.png
Orange Pixel Ball Capsule,estilista,,Orange Pixel Ball Capsule.gif,gif,images/estilista/Orange Pixel Ball Capsule.gif
Orange Scarf,estilista,,Orange Scarf.png,png,images/estilista/Orange Scarf.png
Orebound Chemical,professor,,Orebound Chemical.png,png,images/professor/Orebound Chemical.png
Orebound Essence,itens,,Orebound Essence.png,png,images/itens/Orebound Essence.png
Orebound Tapestry,itens,,Orebound Tapestry.png,png,images/itens/Orebound Tapestry.png
Orebound Urn,itens,,Orebound Urn.png,png,images/itens/Orebound Urn.png
Oriental Fighter Outfit,estilista,,Oriental Fighter Outfit.png,png,images/estilista/Oriental Fighter Outfit.png
Owl Feather,itens,,Owl Feather.png,png,images/itens/Owl Feather.png
Pallet_e_Fire_Island,tasks,maps,Pallet_e_Fire_Island.png,png,images/tasks/maps/Pallet_e_Fire_Island.png
Palm Leaves,itens,,Palm Leaves.png,png,images/itens/Palm Leaves.png
Papers,professor,,Papers.png,png,images/professor/Papers.png
Park Ball Cam,estilista,,Park Ball Cam.png,png,images/estilista/Park Ball Cam.png
Party Cap,estilista,,Party Cap.png,png,images/estilista/Party Cap.png
Passho Seed,professor,,Passho Seed.png,png,images/professor/Passho Seed.png
Pawn,itens,,Pawn.png,png,images/itens/Pawn.png
Payapa Seed,professor,,Payapa Seed.png,png,images/professor/Payapa Seed.png
Pearl Necklace,estilista,,Pearl Necklace.png,png,images/estilista/Pearl Necklace.png
Pecha Seed,professor,,Pecha Seed.png,png,images/professor/Pecha Seed.png
Pelican Wing,itens,,Pelican Wing.png,png,images/itens/Pelican Wing.png
Persian Female Outfit,estilista,,Persian Female Outfit.png,png,images/estilista/Persian Female Outfit.png
Persim Seed,professor,,Persim Seed.png,png,images/professor/Persim Seed.png
Petite Leaves,itens,,Petite Leaves.png,png,images/itens/Petite Leaves.png
Pewter_NW_Tasks,tasks,maps,Pewter_NW_Tasks.png,png,images/tasks/maps/Pewter_NW_Tasks.png
Philosopher's Stone,professor,,Philosopher's Stone.png,png,images/professor/Philosopher's Stone.png
Pidgeot Bed,estilista,,Pidgeot Bed.png,png,images/estilista/Pidgeot Bed.png
Pidgeot Bush,professor,,Pidgeot Bush.png,png,images/professor/Pidgeot Bush.png
Piece Of Blimp,itens,,Piece Of Blimp.png,png,images/itens/Piece Of Blimp.png
Piece Of Coral,itens,,Piece Of Coral.png,png,images/itens/Piece Of Coral.png
Piece of Diglett,itens,,Piece of Diglett.png,png,images/itens/Piece of Diglett.png
Piece Of Shell,itens,,Piece Of Shell.png,png,images/itens/Piece Of Shell.png
Piece of Steel,itens,,Piece of Steel.png,png,images/itens/Piece of Steel.png
Pieces of Rare Stone,itens,,Pieces of Rare Stone.png,png,images/itens/Pieces of Rare Stone.png
Pieces of Stone,itens,,Pieces of Stone.png,png,images/itens/Pieces of Stone.png
Pig Ear,itens,,Pig Ear.png,png,images/itens/Pig Ear.png
Pig Ears,itens,,Pig Ears.png,png,images/itens/Pig Ears.png
Pikaburger,itens,,Pikaburger.png,png,images/itens/Pikaburger.png
Pikachu Big Figure,estilista,,Pikachu Big Figure.png,png,images/estilista/Pikachu Big Figure.png
Pikachu Computer,engenheiro,,Pikachu Computer.png,png,images/engenheiro/Pikachu Computer.png
Pikachu Female Outfit,estilista,,Pikachu Female Outfit.png,png,images/estilista/Pikachu Female Outfit.png
Pikachu Tapestry,estilista,,Pikachu Tapestry.png,png,images/estilista/Pikachu Tapestry.png
Pikachu Toy,itens,,Pikachu Toy.png,png,images/itens/Pikachu Toy.png
Pikachu Turret,engenheiro,,Pikachu Turret.png,png,images/engenheiro/Pikachu Turret.png
Pikachu Unpacked Costume,estilista,,Pikachu Unpacked Costume.png,png,images/estilista/Pikachu Unpacked Costume.png
Pile of Rocks,aventureiro,,Pile of Rocks.png,png,images/aventureiro/Pile of Rocks.png
Pimp Hat,estilista,,Pimp Hat.png,png,images/estilista/Pimp Hat.png
Ping Pong Table,estilista,,Ping Pong Table.png,png,images/estilista/Ping Pong Table.png
Pink Ball Cam,estilista,,Pink Ball Cam.png,png,images/estilista/Pink Ball Cam.png
Pink Bench,estilista,,Pink Bench.png,png,images/estilista/Pink Bench.png
Pink Bow,estilista,,Pink Bow.png,png,images/estilista/Pink Bow.png
Pink Bunny Ear,estilista,,Pink Bunny Ear.png,png,images/estilista/Pink Bunny Ear.png
Pink Capsule Market,engenheiro,,Pink Capsule Market.png,png,images/engenheiro/Pink Capsule Market.png
Pink Dye,estilista,,Pink Dye.png,png,images/estilista/Pink Dye.png
Pink Egg Chair,estilista,,Pink Egg Chair.png,png,images/estilista/Pink Egg Chair.png
Pink Fins,itens,,Pink Fins.png,png,images/itens/Pink Fins.png
Pink Flower Hat,itens,,Pink Flower Hat.png,png,images/itens/Pink Flower Hat.png
Pink Fog Ball Capsule,estilista,,Pink Fog Ball Capsule.gif,gif,images/estilista/Pink Fog Ball Capsule.gif
Pink Fur,itens,,Pink Fur.png,png,images/itens/Pink Fur.png
Pink Hair,itens,,Pink Hair.png,png,images/itens/Pink Hair.png
Pink Luxurious Display Table,estilista,,Pink Luxurious Display Table.png,png,images/estilista/Pink Luxurious Display Table.png
Pink Mewtwo Throne,estilista,,Pink Mewtwo Throne.png,png,images/estilista/Pink Mewtwo Throne.png
Pink Motorcycle,engenheiro,,Pink Motorcycle.png,png,images/engenheiro/Pink Motorcycle.png
Pink Pixel Ball Capsule,estilista,,Pink Pixel Ball Capsule.gif,gif,images/estilista/Pink Pixel Ball Capsule.gif
Pink Red Insectoid Wing,itens,,Pink Red Insectoid Wing.png,png,images/itens/Pink Red Insectoid Wing.png
Pink Rose,professor,,Pink Rose.png,png,images/professor/Pink Rose.png
Pink Shell,estilista,,Pink Shell.png,png,images/estilista/Pink Shell.png
Pink Small Tail,itens,,Pink Small Tail.png,png,images/itens/Pink Small Tail.png
Pink Sofa,estilista,,Pink Sofa.png,png,images/estilista/Pink Sofa.png
Pink Star Piece,professor,,Pink Star Piece.gif,gif,images/professor/Pink Star Piece.gif
Pink Tapestry,estilista,,Pink Tapestry.png,png,images/estilista/Pink Tapestry.png
Pink Tissue,itens,,Pink Tissue.png,png,images/itens/Pink Tissue.png
Pink Topknot,itens,,Pink Topknot.png,png,images/itens/Pink Topknot.png
Pink Toxic Spike,itens,,Pink Toxic Spike.png,png,images/itens/Pink Toxic Spike.png
Pink Wallpaper,estilista,,Pink Wallpaper.png,png,images/estilista/Pink Wallpaper.png
Pinsir Horn,itens,,Pinsir Horn.png,png,images/itens/Pinsir Horn.png
Pipe,estilista,,Pipe.png,png,images/estilista/Pipe.png
Pirate Costume,itens,,Pirate Costume.png,png,images/itens/Pirate Costume.png
Pirate Empress Blue Dress,estilista,,Pirate Empress Blue Dress.png,png,images/estilista/Pirate Empress Blue Dress.png
Pirate Empress Red Dress,estilista,,Pirate Empress Red Dress.png,png,images/estilista/Pirate Empress Red Dress.png
Pirate Empress Yellow Dress,estilista,,Pirate Empress Yellow Dress.png,png,images/estilista/Pirate Empress Yellow Dress.png
Pirate Lady Outfit,estilista,,Pirate Lady Outfit.png,png,images/estilista/Pirate Lady Outfit.png
Pitbull Collar,engenheiro,,Pitbull Collar.png,png,images/engenheiro/Pitbull Collar.png
Pixel Ball Capsule,estilista,,Pixel Ball Capsule.gif,gif,images/estilista/Pixel Ball Capsule.gif
Pizza,itens,,Pizza.png,png,images/itens/Pizza.png
Planks,estilista,,Planks.png,png,images/estilista/Planks.png
Plant Foot,itens,,Plant Foot.png,png,images/itens/Plant Foot.png
Plant Tail,itens,,Plant Tail.png,png,images/itens/Plant Tail.png
Platinum Bar,engenheiro,,Platinum Bar.png,png,images/engenheiro/Platinum Bar.png
Platinum Ore,engenheiro,,Platinum Ore.png,png,images/engenheiro/Platinum Ore.png
Playstation,engenheiro,,Playstation.png,png,images/engenheiro/Playstation.png
Playstation 4,engenheiro,,Playstation 4.png,png,images/engenheiro/Playstation 4.png
PlayStation 5,engenheiro,,PlayStation 5.png,png,images/engenheiro/PlayStation 5.png
Plume Plant,professor,,Plume Plant.png,png,images/professor/Plume Plant.png
Point Of Light,itens,,Point Of Light.png,png,images/itens/Point Of Light.png
Pointy Beak,itens,,Pointy Beak.png,png,images/itens/Pointy Beak.png
Poison Moth Wings,itens,,Poison Moth Wings.png,png,images/itens/Poison Moth Wings.png
Poisonous Tail,itens,,Poisonous Tail.png,png,images/itens/Poisonous Tail.png
Poke Ball,engenheiro,,Poke Ball.png,png,images/engenheiro/Poke Ball.png
Pokedex (1st Gen),professor,,Pokedex (1st Gen).png,png,images/professor/Pokedex (1st Gen).png
Pokedex (2nd Gen),professor,,Pokedex (2nd Gen).png,png,images/professor/Pokedex (2nd Gen).png
Pokedex (3rd Gen),professor,,Pokedex (3rd Gen).png,png,images/professor/Pokedex (3rd Gen).png
Pokedex (4th Gen),professor,,Pokedex (4th Gen).png,png,images/professor/Pokedex (4th Gen).png
Pokedex (5th Gen),professor,,Pokedex (5th Gen).png,png,images/professor/Pokedex (5th Gen).png
Pokedex (6th Gen),professor,,Pokedex (6th Gen).png,png,images/professor/Pokedex (6th Gen).png
Pokedex CHIP 2.0,professor,,Pokedex CHIP 2.0.png,png,images/professor/Pokedex CHIP 2.0.png
Pokedex CHIP 3.0,professor,,Pokedex CHIP 3.0.png,png,images/professor/Pokedex CHIP 3.0.png
Pokemon Egg,itens,,Pokemon Egg.png,png,images/itens/Pokemon Egg.png
Pokemon Trainer Costume,estilista,,Pokemon Trainer Costume.png,png,images/estilista/Pokemon Trainer Costume.png
Poké Ball Bed,estilista,,Poké Ball Bed.png,png,images/estilista/Poké Ball Bed.png
Poké Ball Cam,estilista,,Poké Ball Cam.png,png,images/estilista/Poké Ball Cam.png
Poké Ball Carpet,estilista,,Poké Ball Carpet.png,png,images/estilista/Poké Ball Carpet.png
Poké Ball Pillow,estilista,,Poké Ball Pillow.png,png,images/estilista/Poké Ball Pillow.png
Poké Ball Table,estilista,,Poké Ball Table.png,png,images/estilista/Poké Ball Table.png
Pokédex CHIP 4.0,professor,,Pokédex CHIP 4.0.png,png,images/professor/Pokédex CHIP 4.0.png
Pokégear Battery,engenheiro,,Pokégear Battery.png,png,images/engenheiro/Pokégear Battery.png
Polar Bear Cap,estilista,,Polar Bear Cap.png,png,images/estilista/Polar Bear Cap.png
Pond Skater Legs,itens,,Pond Skater Legs.png,png,images/itens/Pond Skater Legs.png
Pony Saddle,itens,,Pony Saddle.png,png,images/itens/Pony Saddle.png
Pony Tail,itens,,Pony Tail.png,png,images/itens/Pony Tail.png
Pot of Dark Lava,itens,,Pot of Dark Lava.png,png,images/itens/Pot of Dark Lava.png
Pot Of Lava,itens,,Pot Of Lava.png,png,images/itens/Pot Of Lava.png
Pot Of Moss Bug,itens,,Pot Of Moss Bug.png,png,images/itens/Pot Of Moss Bug.png
Power Banana,itens,,Power Banana.png,png,images/itens/Power Banana.png
Power Emerald,estilista,,Power Emerald.png,png,images/estilista/Power Emerald.png
Power Ruby,estilista,,Power Ruby.png,png,images/estilista/Power Ruby.png
Power Source,aventureiro,,Power Source.gif,gif,images/aventureiro/Power Source.gif
Power Topaz,estilista,,Power Topaz.png,png,images/estilista/Power Topaz.png
Precious Ring,itens,,Precious Ring.png,png,images/itens/Precious Ring.png
Predator Mask,estilista,,Predator Mask.png,png,images/estilista/Predator Mask.png
Premier Ball Cam,estilista,,Premier Ball Cam.png,png,images/estilista/Premier Ball Cam.png
Premier Ball Upgrade,estilista,,Premier Ball Upgrade.png,png,images/estilista/Premier Ball Upgrade.png
Primeape Bush,professor,,Primeape Bush.png,png,images/professor/Primeape Bush.png
Prism Scale,itens,,Prism Scale.png,png,images/itens/Prism Scale.png
Protector,itens,,Protector.png,png,images/itens/Protector.png
PSP,engenheiro,,PSP.png,png,images/engenheiro/PSP.png
Psychic Bed,estilista,,Psychic Bed.png,png,images/estilista/Psychic Bed.png
Psychic Ear,itens,,Psychic Ear.png,png,images/itens/Psychic Ear.png
Psychic Mustache,itens,,Psychic Mustache.png,png,images/itens/Psychic Mustache.png
Psychic Mustaches,itens,,Psychic Mustaches.png,png,images/itens/Psychic Mustaches.png
Psychic Spoon,itens,,Psychic Spoon.png,png,images/itens/Psychic Spoon.png
Psycraft Chemical,professor,,Psycraft Chemical.png,png,images/professor/Psycraft Chemical.png
Psycraft Essence,itens,,Psycraft Essence.png,png,images/itens/Psycraft Essence.png
Psycraft Tapestry,itens,,Psycraft Tapestry.png,png,images/itens/Psycraft Tapestry.png
Psycraft Urn,itens,,Psycraft Urn.png,png,images/itens/Psycraft Urn.png
Psyduck Big Figure,estilista,,Psyduck Big Figure.png,png,images/estilista/Psyduck Big Figure.png
Psyduck Mug,itens,,Psyduck Mug.png,png,images/itens/Psyduck Mug.png
Pumpkin Head,estilista,,Pumpkin Head.png,png,images/estilista/Pumpkin Head.png
Pumpkin Pack,estilista,,Pumpkin Pack.png,png,images/estilista/Pumpkin Pack.png
Punch Machine,itens,,Punch Machine.png,png,images/itens/Punch Machine.png
Punch Stone,itens,,Punch Stone.png,png,images/itens/Punch Stone.png
Pure Energized Boost Stone,professor,,Pure Energized Boost Stone.png,png,images/professor/Pure Energized Boost Stone.png
Pure Grass,itens,,Pure Grass.png,png,images/itens/Pure Grass.png
Pure Strong Grass,professor,,Pure Strong Grass.png,png,images/professor/Pure Strong Grass.png
Pure White Counter,estilista,,Pure White Counter.png,png,images/estilista/Pure White Counter.png
Purple Alchemy Lab,professor,,Purple Alchemy Lab.png,png,images/professor/Purple Alchemy Lab.png
Purple Band,estilista,,Purple Band.png,png,images/estilista/Purple Band.png
Purple Bandana,estilista,,Purple Bandana.png,png,images/estilista/Purple Bandana.png
Purple Bed,estilista,,Purple Bed.png,png,images/estilista/Purple Bed.png
Purple Bench,estilista,,Purple Bench.png,png,images/estilista/Purple Bench.png
Purple Cocoon Thorn,itens,,Purple Cocoon Thorn.png,png,images/itens/Purple Cocoon Thorn.png
Purple Cool Sofa,estilista,,Purple Cool Sofa.png,png,images/estilista/Purple Cool Sofa.png
Purple Electric Spark Capsule,estilista,,Purple Electric Spark Capsule.gif,gif,images/estilista/Purple Electric Spark Capsule.gif
Purple Flame Chest,aventureiro,,Purple Flame Chest.png,png,images/aventureiro/Purple Flame Chest.png
Purple Fur,itens,,Purple Fur.png,png,images/itens/Purple Fur.png
Purple Futurist Market,engenheiro,,Purple Futurist Market.png,png,images/engenheiro/Purple Futurist Market.png
Purple Hair,itens,,Purple Hair.png,png,images/itens/Purple Hair.png
Purple Leftover Garbage,itens,,Purple Leftover Garbage.png,png,images/itens/Purple Leftover Garbage.png
Purple Luxurious Display Table,estilista,,Purple Luxurious Display Table.png,png,images/estilista/Purple Luxurious Display Table.png
Purple Modern Countertop,estilista,,Purple Modern Countertop.png,png,images/estilista/Purple Modern Countertop.png
Purple Modern Stove,estilista,,Purple Modern Stove.png,png,images/estilista/Purple Modern Stove.png
Purple Scarf (Feather),estilista,,Purple Scarf (Feather).png,png,images/estilista/Purple Scarf (Feather).png
Purple Scarf (Fur),estilista,,Purple Scarf (Fur).png,png,images/estilista/Purple Scarf (Fur).png
Purple Shell,itens,,Purple Shell.png,png,images/itens/Purple Shell.png
Purple Sofa,estilista,,Purple Sofa.png,png,images/estilista/Purple Sofa.png
Purple Stripe,estilista,,Purple Stripe.png,png,images/estilista/Purple Stripe.png
Purple Tapestry,itens,,Purple Tapestry.png,png,images/itens/Purple Tapestry.png
Purple Toxic Spike,itens,,Purple Toxic Spike.png,png,images/itens/Purple Toxic Spike.png
Purple Wall Lamp,engenheiro,,Purple Wall Lamp.png,png,images/engenheiro/Purple Wall Lamp.png
Purple Wallpaper,estilista,,Purple Wallpaper.png,png,images/estilista/Purple Wallpaper.png
Purpleheart Log,itens,,Purpleheart Log.png,png,images/itens/Purpleheart Log.png
PX Portable,engenheiro,,PX Portable.png,png,images/engenheiro/PX Portable.png
Rabbit Ear,itens,,Rabbit Ear.png,png,images/itens/Rabbit Ear.png
Rabbit Eyebrows,itens,,Rabbit Eyebrows.png,png,images/itens/Rabbit Eyebrows.png
Rabbit Fur,itens,,Rabbit Fur.png,png,images/itens/Rabbit Fur.png
Raccoon Tail,itens,,Raccoon Tail.png,png,images/itens/Raccoon Tail.png
Raibolt Chemical,professor,,Raibolt Chemical.png,png,images/professor/Raibolt Chemical.png
Raibolt Essence,itens,,Raibolt Essence.png,png,images/itens/Raibolt Essence.png
Raibolt Essences,itens,,Raibolt Essences.png,png,images/itens/Raibolt Essences.png
Raibolt Tapestry,itens,,Raibolt Tapestry.png,png,images/itens/Raibolt Tapestry.png
Raibolt Urn,itens,,Raibolt Urn.png,png,images/itens/Raibolt Urn.png
Raichu Bed,estilista,,Raichu Bed.png,png,images/estilista/Raichu Bed.png
Raichu Bush,professor,,Raichu Bush.png,png,images/professor/Raichu Bush.png
Raikou Bush,professor,,Raikou Bush.png,png,images/professor/Raikou Bush.png
Raikou Sculpture,aventureiro,,Raikou Sculpture.png,png,images/aventureiro/Raikou Sculpture.png
Raikou's Legendary Tail,itens,,Raikou's Legendary Tail.png,png,images/itens/Raikou's Legendary Tail.png
Rainbow Tail,itens,,Rainbow Tail.png,png,images/itens/Rainbow Tail.png
Rainbow Woods Rift Crystal,aventureiro,,Rainbow Woods Rift Crystal.png,png,images/aventureiro/Rainbow Woods Rift Crystal.png
Rambo Band,estilista,,Rambo Band.png,png,images/estilista/Rambo Band.png
Rampardos Fossil Statue's Platform,aventureiro,,Rampardos Fossil Statue's Platform.png,png,images/aventureiro/Rampardos Fossil Statue's Platform.png
Rapidash Toy,estilista,,Rapidash Toy.png,png,images/estilista/Rapidash Toy.png
Rat Tail,itens,,Rat Tail.png,png,images/itens/Rat Tail.png
Rawst Seed,professor,,Rawst Seed.png,png,images/professor/Rawst Seed.png
Razor Claw,itens,,Razor Claw.png,png,images/itens/Razor Claw.png
Razor Claws,itens,,Razor Claws.png,png,images/itens/Razor Claws.png
Reaper Cloth,itens,,Reaper Cloth.png,png,images/itens/Reaper Cloth.png
Reaper Costume,estilista,,Reaper Costume.png,png,images/estilista/Reaper Costume.png
Red Alchemy Lab,professor,,Red Alchemy Lab.png,png,images/professor/Red Alchemy Lab.png
Red Alienware,engenheiro,,Red Alienware.png,png,images/engenheiro/Red Alienware.png
Red Bench,estilista,,Red Bench.png,png,images/estilista/Red Bench.png
Red Boost Machine,professor,,Red Boost Machine.png,png,images/professor/Red Boost Machine.png
Red Bouquet,itens,,Red Bouquet.png,png,images/itens/Red Bouquet.png
Red Cap,estilista,,Red Cap.png,png,images/estilista/Red Cap.png
Red Cape,estilista,,Red Cape.png,png,images/estilista/Red Cape.png
Red Chair,estilista,,Red Chair.png,png,images/estilista/Red Chair.png
Red Cool Chair,estilista,,Red Cool Chair.png,png,images/estilista/Red Cool Chair.png
Red Crushed Leaf,itens,,Red Crushed Leaf.png,png,images/itens/Red Crushed Leaf.png
Red Crushed Leaves,itens,,Red Crushed Leaves.png,png,images/itens/Red Crushed Leaves.png
Red Darkrai Essence,itens,nightmare,Red Darkrai Essence.gif,gif,images/itens/nightmare/Red Darkrai Essence.gif
Red Dragon Scarf,estilista,,Red Dragon Scarf.png,png,images/estilista/Red Dragon Scarf.png
Red Dye,estilista,,Red Dye.png,png,images/estilista/Red Dye.png
Red Egg Chair,estilista,,Red Egg Chair.png,png,images/estilista/Red Egg Chair.png
Red Electric Spark Capsule,estilista,,Red Electric Spark Capsule.gif,gif,images/estilista/Red Electric Spark Capsule.gif
Red Flame Tail,itens,,Red Flame Tail.png,png,images/itens/Red Flame Tail.png
Red Fog Ball Capsule,estilista,,Red Fog Ball Capsule.gif,gif,images/estilista/Red Fog Ball Capsule.gif
Red Glasses,engenheiro,,Red Glasses.png,png,images/engenheiro/Red Glasses.png
Red Globe,engenheiro,,Red Globe.png,png,images/engenheiro/Red Globe.png
Red Headband,estilista,,Red Headband.png,png,images/estilista/Red Headband.png
Red Heavy Chest,aventureiro,,Red Heavy Chest.png,png,images/aventureiro/Red Heavy Chest.png
Red Insectoid Wing,itens,,Red Insectoid Wing.png,png,images/itens/Red Insectoid Wing.png
Red Karate Headband,estilista,,Red Karate Headband.png,png,images/estilista/Red Karate Headband.png
Red Krooko Scale,itens,,Red Krooko Scale.png,png,images/itens/Red Krooko Scale.png
Red Luxurious Display Table,estilista,,Red Luxurious Display Table.png,png,images/estilista/Red Luxurious Display Table.png
Red Master Tapestry,estilista,,Red Master Tapestry.png,png,images/estilista/Red Master Tapestry.png
Red Mewtwo Throne,estilista,,Red Mewtwo Throne.png,png,images/estilista/Red Mewtwo Throne.png
Red Microscope,engenheiro,,Red Microscope.png,png,images/engenheiro/Red Microscope.png
Red Modern Countertop,estilista,,Red Modern Countertop.png,png,images/estilista/Red Modern Countertop.png
Red Modern Stove,estilista,,Red Modern Stove.png,png,images/estilista/Red Modern Stove.png
Red Motorcycle,engenheiro,,Red Motorcycle.png,png,images/engenheiro/Red Motorcycle.png
Red Pixel Ball Capsule,estilista,,Red Pixel Ball Capsule.gif,gif,images/estilista/Red Pixel Ball Capsule.gif
Red Poke Ball Holder,professor,,Red Poke Ball Holder.png,png,images/professor/Red Poke Ball Holder.png
Red Poké Ball Holder,professor,,Red Poké Ball Holder.png,png,images/professor/Red Poké Ball Holder.png
Red Poké Ball Pillow,estilista,,Red Poké Ball Pillow.png,png,images/estilista/Red Poké Ball Pillow.png
Red Poké Chest,estilista,,Red Poké Chest.png,png,images/estilista/Red Poké Chest.png
Red Postman Bag,estilista,,Red Postman Bag.png,png,images/estilista/Red Postman Bag.png
Red Rose,professor,,Red Rose.png,png,images/professor/Red Rose.png
Red Scale,itens,,Red Scale.png,png,images/itens/Red Scale.png
Red Scarf,estilista,,Red Scarf.png,png,images/estilista/Red Scarf.png
Red Scarf (2),estilista,,Red Scarf (2).png,png,images/estilista/Red Scarf (2).png
Red Sitrus Seed,professor,,Red Sitrus Seed.png,png,images/professor/Red Sitrus Seed.png
Red Snooker Table,estilista,,Red Snooker Table.png,png,images/estilista/Red Snooker Table.png
Red Sofa,estilista,,Red Sofa.png,png,images/estilista/Red Sofa.png
Red Spike,itens,,Red Spike.png,png,images/itens/Red Spike.png
Red Spikes,itens,,Red Spikes.png,png,images/itens/Red Spikes.png
Red Star Piece,itens,raros,Red Star Piece.gif,gif,images/itens/raros/Red Star Piece.gif
Red Stripe,estilista,,Red Stripe.png,png,images/estilista/Red Stripe.png
Red Stripes,estilista,,Red Stripes.png,png,images/estilista/Red Stripes.png
Red Student Monitor,professor,,Red Student Monitor.png,png,images/professor/Red Student Monitor.png
Red Taek Headband,estilista,,Red Taek Headband.png,png,images/estilista/Red Taek Headband.png
Red Wall Lamp,engenheiro,,Red Wall Lamp.png,png,images/engenheiro/Red Wall Lamp.png
Red Wallpaper,estilista,,Red Wallpaper.png,png,images/estilista/Red Wallpaper.png
Red Wing,itens,,Red Wing.png,png,images/itens/Red Wing.png
Red Wooden Market,engenheiro,,Red Wooden Market.png,png,images/engenheiro/Red Wooden Market.png
Reddish Continent Thorn,itens,,Reddish Continent Thorn.png,png,images/itens/Reddish Continent Thorn.png
Refined Fashion Point,estilista,,Refined Fashion Point.png,png,images/estilista/Refined Fashion Point.png
Refined Style Point,estilista,,Refined Style Point.png,png,images/estilista/Refined Style Point.png
Reindeer Horn,itens,,Reindeer Horn.png,png,images/itens/Reindeer Horn.png
Remains of a Coffin,itens,,Remains of a Coffin.png,png,images/itens/Remains of a Coffin.png
Remains Of Gears,itens,,Remains Of Gears.png,png,images/itens/Remains Of Gears.png
Restore Potion,professor,,Restore Potion.png,png,images/professor/Restore Potion.png
Revive,professor,,Revive.png,png,images/professor/Revive.png
Rhydon Locker,estilista,,Rhydon Locker.png,png,images/estilista/Rhydon Locker.png
Rhyhorn Big Figure,estilista,,Rhyhorn Big Figure.png,png,images/estilista/Rhyhorn Big Figure.png
Rindo Seed,professor,,Rindo Seed.png,png,images/professor/Rindo Seed.png
Roasted Shiny Magikarp,itens,,Roasted Shiny Magikarp.png,png,images/itens/Roasted Shiny Magikarp.png
Rock Bed,estilista,,Rock Bed.png,png,images/estilista/Rock Bed.png
Rock Guitar,estilista,,Rock Guitar.png,png,images/estilista/Rock Guitar.png
Rock Stone,itens,stones,Rock Stone.gif,gif,images/itens/stones/Rock Stone.gif
Roller Skate,estilista,,Roller Skate.png,png,images/estilista/Roller Skate.png
Roman Helmet,engenheiro,,Roman Helmet.png,png,images/engenheiro/Roman Helmet.png
Roseli Seed,professor,,Roseli Seed.png,png,images/professor/Roseli Seed.png
Rotom Market,engenheiro,,Rotom Market.png,png,images/engenheiro/Rotom Market.png
Roulette Table,estilista,,Roulette Table.png,png,images/estilista/Roulette Table.png
Royal Armor,engenheiro,,Royal Armor.png,png,images/engenheiro/Royal Armor.png
Royal Mane,itens,,Royal Mane.png,png,images/itens/Royal Mane.png
Royal Manes,itens,,Royal Manes.png,png,images/itens/Royal Manes.png
Royal Tail,itens,,Royal Tail.png,png,images/itens/Royal Tail.png
Rubber Ball,itens,,Rubber Ball.png,png,images/itens/Rubber Ball.png
Ruby,itens,,Ruby.png,png,images/itens/Ruby.png
Rustic Chair,estilista,,Rustic Chair.png,png,images/estilista/Rustic Chair.png
Rustic Counter,estilista,,Rustic Counter.png,png,images/estilista/Rustic Counter.png
Sack,estilista,,Sack.png,png,images/estilista/Sack.png
Sai Ninja Pack,estilista,,Sai Ninja Pack.png,png,images/estilista/Sai Ninja Pack.png
Sailor Costume,estilista,,Sailor Costume.png,png,images/estilista/Sailor Costume.png
Salac Seed,professor,,Salac Seed.png,png,images/professor/Salac Seed.png
Salmon Tapestry,estilista,,Salmon Tapestry.png,png,images/estilista/Salmon Tapestry.png
Salvation Elixir,professor,,Salvation Elixir.png,png,images/professor/Salvation Elixir.png
Samurai Hair,itens,,Samurai Hair.png,png,images/itens/Samurai Hair.png
Sand Pouch,itens,,Sand Pouch.png,png,images/itens/Sand Pouch.png
Sand Pouches,itens,,Sand Pouches.png,png,images/itens/Sand Pouches.png
Sand Tail,itens,,Sand Tail.png,png,images/itens/Sand Tail.png
Sandbag,itens,,Sandbag.png,png,images/itens/Sandbag.png
Sandboard Gear,estilista,,Sandboard Gear.png,png,images/estilista/Sandboard Gear.png
Sandshrew Big Figure,estilista,,Sandshrew Big Figure.png,png,images/estilista/Sandshrew Big Figure.png
Sandslash Bush,professor,,Sandslash Bush.png,png,images/professor/Sandslash Bush.png
Sandy Remains,itens,,Sandy Remains.png,png,images/itens/Sandy Remains.png
Saur Plant,professor,,Saur Plant.png,png,images/professor/Saur Plant.png
Savage Fin,itens,,Savage Fin.png,png,images/itens/Savage Fin.png
Savage Fins,itens,,Savage Fins.png,png,images/itens/Savage Fins.png
Scarlet Shard,itens,,Scarlet Shard.png,png,images/itens/Scarlet Shard.png
Scary Smile,itens,,Scary Smile.png,png,images/itens/Scary Smile.png
Sceptile Locker,estilista,,Sceptile Locker.png,png,images/estilista/Sceptile Locker.png
School Chair,professor,,School Chair.png,png,images/professor/School Chair.png
School Desk,professor,,School Desk.png,png,images/professor/School Desk.png
School Dresser,professor,,School Dresser.png,png,images/professor/School Dresser.png
School Girl Outfit,estilista,,School Girl Outfit.png,png,images/estilista/School Girl Outfit.png
Scissors,professor,,Scissors.png,png,images/professor/Scissors.png
Scizor Bed,estilista,,Scizor Bed.png,png,images/estilista/Scizor Bed.png
Scizor Bush,professor,,Scizor Bush.png,png,images/professor/Scizor Bush.png
Scizor Claw,itens,,Scizor Claw.png,png,images/itens/Scizor Claw.png
Screw,engenheiro,,Screw.png,png,images/engenheiro/Screw.png
Scythe,itens,,Scythe.png,png,images/itens/Scythe.png
Scyther Bed,estilista,,Scyther Bed.png,png,images/estilista/Scyther Bed.png
Scyther Big Figure,estilista,,Scyther Big Figure.png,png,images/estilista/Scyther Big Figure.png
Scyther Bush,professor,,Scyther Bush.png,png,images/professor/Scyther Bush.png
Sea Bed,estilista,,Sea Bed.png,png,images/estilista/Sea Bed.png
Seafoam_NW_Tasks,tasks,maps,Seafoam_NW_Tasks.png,png,images/tasks/maps/Seafoam_NW_Tasks.png
Seahorse Tail,itens,,Seahorse Tail.png,png,images/itens/Seahorse Tail.png
Seal Mustache,itens,,Seal Mustache.png,png,images/itens/Seal Mustache.png
Seal Tail,itens,,Seal Tail.png,png,images/itens/Seal Tail.png
Seavell Chemical,professor,,Seavell Chemical.png,png,images/professor/Seavell Chemical.png
Seavell Essence,itens,,Seavell Essence.png,png,images/itens/Seavell Essence.png
Seavell Essences,itens,,Seavell Essences.png,png,images/itens/Seavell Essences.png
Seavell Tapestry,itens,,Seavell Tapestry.png,png,images/itens/Seavell Tapestry.png
Seavell Urn,itens,,Seavell Urn.png,png,images/itens/Seavell Urn.png
Seed,professor,,Seed.png,png,images/professor/Seed.png
Segway,professor,,Segway.png,png,images/professor/Segway.png
Sentry Remains,itens,,Sentry Remains.png,png,images/itens/Sentry Remains.png
Shadow Fox Tail,itens,,Shadow Fox Tail.png,png,images/itens/Shadow Fox Tail.png
Shadow_Crypt_Tasks_NW,tasks,maps,Shadow_Crypt_Tasks_NW.png,png,images/tasks/maps/Shadow_Crypt_Tasks_NW.png
Shamouti Big Plant,professor,,Shamouti Big Plant.png,png,images/professor/Shamouti Big Plant.png
Shamouti Plant,professor,,Shamouti Plant.png,png,images/professor/Shamouti Plant.png
Sharp Leaves,itens,,Sharp Leaves.png,png,images/itens/Sharp Leaves.png
Shed Scale,itens,,Shed Scale.png,png,images/itens/Shed Scale.png
Sheep Wool,itens,,Sheep Wool.png,png,images/itens/Sheep Wool.png
Shell Shard,itens,,Shell Shard.png,png,images/itens/Shell Shard.png
Shiny Aegislash Shield,itens,,Shiny Aegislash Shield.png,png,images/itens/Shiny Aegislash Shield.png
Shiny Ditto Armchair,estilista,,Shiny Ditto Armchair.png,png,images/estilista/Shiny Ditto Armchair.png
Shiny Feather,itens,,Shiny Feather.png,png,images/itens/Shiny Feather.png
Shiny Gleam Tail,itens,,Shiny Gleam Tail.png,png,images/itens/Shiny Gleam Tail.png
Shiny Magikarp Aquarium,estilista,,Shiny Magikarp Aquarium.gif,gif,images/estilista/Shiny Magikarp Aquarium.gif
Shiny Magikarp Fin,itens,,Shiny Magikarp Fin.png,png,images/itens/Shiny Magikarp Fin.png
Shiny Rotom Market,engenheiro,,Shiny Rotom Market.png,png,images/engenheiro/Shiny Rotom Market.png
Shiny Stone,itens,stones,Shiny Stone.png,png,images/itens/stones/Shiny Stone.png
Shiny Tentacool Lamp,estilista,,Shiny Tentacool Lamp.png,png,images/estilista/Shiny Tentacool Lamp.png
Shock Topknot,itens,,Shock Topknot.png,png,images/itens/Shock Topknot.png
Short Lycan Tail,itens,,Short Lycan Tail.png,png,images/itens/Short Lycan Tail.png
Shower Cap,estilista,,Shower Cap.png,png,images/estilista/Shower Cap.png
Shoyu Tentacles,itens,,Shoyu Tentacles.png,png,images/itens/Shoyu Tentacles.png
Shuca Seed,professor,,Shuca Seed.png,png,images/professor/Shuca Seed.png
Silk,estilista,,Silk.png,png,images/estilista/Silk.png
Silver Air Fryer,aventureiro,,Silver Air Fryer.png,png,images/aventureiro/Silver Air Fryer.png
Silver Finder,aventureiro,,Silver Finder.png,png,images/aventureiro/Silver Finder.png
Silver High-Tech Locker,engenheiro,,Silver High-Tech Locker.png,png,images/engenheiro/Silver High-Tech Locker.png
Simple Bed,estilista,,Simple Bed.png,png,images/estilista/Simple Bed.png
Singer Microphone,engenheiro,,Singer Microphone.png,png,images/engenheiro/Singer Microphone.png
Sink,estilista,,Sink.png,png,images/estilista/Sink.png
Sitrus Seed,professor,,Sitrus Seed.png,png,images/professor/Sitrus Seed.png
Ski Poles,estilista,,Ski Poles.png,png,images/estilista/Ski Poles.png
Skull Cap,estilista,,Skull Cap.png,png,images/estilista/Skull Cap.png
Slate Shard,itens,,Slate Shard.png,png,images/itens/Slate Shard.png
Slice of Apple,itens,,Slice of Apple.png,png,images/itens/Slice of Apple.png
Slices Of Apple,itens,,Slices Of Apple.png,png,images/itens/Slices Of Apple.png
Slim Black Computer,engenheiro,,Slim Black Computer.png,png,images/engenheiro/Slim Black Computer.png
Slim Futurist Balcony,engenheiro,,Slim Futurist Balcony.png,png,images/engenheiro/Slim Futurist Balcony.png
Slim Table,estilista,,Slim Table.png,png,images/estilista/Slim Table.png
Slim White Computer,engenheiro,,Slim White Computer.png,png,images/engenheiro/Slim White Computer.png
Slime Brain Cap,engenheiro,,Slime Brain Cap.png,png,images/engenheiro/Slime Brain Cap.png
Slow Tail,itens,,Slow Tail.png,png,images/itens/Slow Tail.png
Small Antenna,itens,,Small Antenna.png,png,images/itens/Small Antenna.png
Small Bird Beak,itens,,Small Bird Beak.png,png,images/itens/Small Bird Beak.png
Small Bird Beaks,itens,,Small Bird Beaks.png,png,images/itens/Small Bird Beaks.png
Small Blue Fins,itens,,Small Blue Fins.png,png,images/itens/Small Blue Fins.png
Small Crown,itens,,Small Crown.png,png,images/itens/Small Crown.png
Small Eagle Feather,itens,,Small Eagle Feather.png,png,images/itens/Small Eagle Feather.png
Small Futurist Table,engenheiro,,Small Futurist Table.png,png,images/engenheiro/Small Futurist Table.png
Small Nightmare Potion,professor,,Small Nightmare Potion.png,png,images/professor/Small Nightmare Potion.png
Small Nightmare Spray,professor,,Small Nightmare Spray.png,png,images/professor/Small Nightmare Spray.png
Small Potion,professor,,Small Potion.png,png,images/professor/Small Potion.png
Small Shell,itens,,Small Shell.png,png,images/itens/Small Shell.png
Small Shovel,itens,,Small Shovel.png,png,images/itens/Small Shovel.png
Small Stone,itens,,Small Stone.png,png,images/itens/Small Stone.png
Small Tail,itens,,Small Tail.png,png,images/itens/Small Tail.png
Small Wing,itens,,Small Wing.png,png,images/itens/Small Wing.png
Smartphone,engenheiro,,Smartphone.png,png,images/engenheiro/Smartphone.png
Snake Tail,itens,,Snake Tail.png,png,images/itens/Snake Tail.png
Snooker Table,estilista,,Snooker Table.png,png,images/estilista/Snooker Table.png
Snorlax Armchair,estilista,,Snorlax Armchair.png,png,images/estilista/Snorlax Armchair.png
Snorlax Bed,estilista,,Snorlax Bed.png,png,images/estilista/Snorlax Bed.png
Snorlax Big Figure,estilista,,Snorlax Big Figure.png,png,images/estilista/Snorlax Big Figure.png
Snorlax Computer,engenheiro,,Snorlax Computer.png,png,images/engenheiro/Snorlax Computer.png
Snow Blocks,itens,,Snow Blocks.png,png,images/itens/Snow Blocks.png
Snow Bomb,engenheiro,,Snow Bomb.png,png,images/engenheiro/Snow Bomb.png
Snow Herb,professor,,Snow Herb.png,png,images/professor/Snow Herb.png
Snow Ski,estilista,,Snow Ski.png,png,images/estilista/Snow Ski.png
Snow Skis,itens,,Snow Skis.png,png,images/itens/Snow Skis.png
Snowball,itens,,Snowball.png,png,images/itens/Snowball.png
Snowboard Gear,estilista,,Snowboard Gear.png,png,images/estilista/Snowboard Gear.png
Solid Head,itens,,Solid Head.png,png,images/itens/Solid Head.png
Solid Heads,itens,,Solid Heads.png,png,images/itens/Solid Heads.png
Solid Red Head,itens,,Solid Red Head.png,png,images/itens/Solid Red Head.png
Solid Rock Paw,itens,,Solid Rock Paw.png,png,images/itens/Solid Rock Paw.png
Sora Ball,engenheiro,,Sora Ball.png,png,images/engenheiro/Sora Ball.png
Soul Source,professor,,Soul Source.png,png,images/professor/Soul Source.png
Special Flash Drive,engenheiro,,Special Flash Drive.png,png,images/engenheiro/Special Flash Drive.png
Speed Boost Upgrade,engenheiro,,Speed Boost Upgrade.png,png,images/engenheiro/Speed Boost Upgrade.png
Spherical Cam,engenheiro,,Spherical Cam.png,png,images/engenheiro/Spherical Cam.png
Spider Leg,itens,,Spider Leg.png,png,images/itens/Spider Leg.png
Spiked Lycan Tail,itens,,Spiked Lycan Tail.png,png,images/itens/Spiked Lycan Tail.png
Spiky Tail,itens,,Spiky Tail.png,png,images/itens/Spiky Tail.png
Spin Machine,itens,,Spin Machine.png,png,images/itens/Spin Machine.png
Splinter Kimono,estilista,,Splinter Kimono.png,png,images/estilista/Splinter Kimono.png
Springs,itens,,Springs.png,png,images/itens/Springs.png
Squad Costume,engenheiro,,Squad Costume.png,png,images/engenheiro/Squad Costume.png
Squirrel Tail,itens,,Squirrel Tail.png,png,images/itens/Squirrel Tail.png
Squirtle Big Figure,estilista,,Squirtle Big Figure.png,png,images/estilista/Squirtle Big Figure.png
Squirtle Computer,engenheiro,,Squirtle Computer.png,png,images/engenheiro/Squirtle Computer.png
Squirtle Hull,itens,,Squirtle Hull.png,png,images/itens/Squirtle Hull.png
Squirtle Lamp,estilista,,Squirtle Lamp.png,png,images/estilista/Squirtle Lamp.png
Squirtle Toolkit,estilista,,Squirtle Toolkit.png,png,images/estilista/Squirtle Toolkit.png
Squirtle Toy,itens,,Squirtle Toy.png,png,images/itens/Squirtle Toy.png
Squirtle Turret,engenheiro,,Squirtle Turret.png,png,images/engenheiro/Squirtle Turret.png
Staff Ninja Pack,estilista,,Staff Ninja Pack.png,png,images/estilista/Staff Ninja Pack.png
Star Dust,itens,,Star Dust.png,png,images/itens/Star Dust.png
Star Dusts,itens,,Star Dusts.png,png,images/itens/Star Dusts.png
Star Glasses,estilista,,Star Glasses.png,png,images/estilista/Star Glasses.png
Star Remains,itens,,Star Remains.png,png,images/itens/Star Remains.png
Stars Carpet,estilista,,Stars Carpet.png,png,images/estilista/Stars Carpet.png
Steel Helmet,engenheiro,,Steel Helmet.png,png,images/engenheiro/Steel Helmet.png
Steel Poké Ball Holder,professor,,Steel Poké Ball Holder.gif,gif,images/professor/Steel Poké Ball Holder.gif
Steel Wing,itens,,Steel Wing.png,png,images/itens/Steel Wing.png
Steelix Bush,professor,,Steelix Bush.png,png,images/professor/Steelix Bush.png
Steelix Tail,itens,,Steelix Tail.png,png,images/itens/Steelix Tail.png
Sticky Hand,itens,,Sticky Hand.png,png,images/itens/Sticky Hand.png
Stone Orb,itens,,Stone Orb.png,png,images/itens/Stone Orb.png
Stone Pillow,estilista,,Stone Pillow.png,png,images/estilista/Stone Pillow.png
Strange Antenna,itens,,Strange Antenna.png,png,images/itens/Strange Antenna.png
Strange Ball,itens,,Strange Ball.png,png,images/itens/Strange Ball.png
Strange Bone,itens,,Strange Bone.png,png,images/itens/Strange Bone.png
Strange Flower,itens,,Strange Flower.png,png,images/itens/Strange Flower.png
Strange Flowers,itens,,Strange Flowers.png,png,images/itens/Strange Flowers.png
Strange Fur,itens,,Strange Fur.png,png,images/itens/Strange Fur.png
Strange Furs,itens,,Strange Furs.png,png,images/itens/Strange Furs.png
Strange Gold Bar,itens,raros,Strange Gold Bar.png,png,images/itens/raros/Strange Gold Bar.png
Strange Rock,itens,,Strange Rock.png,png,images/itens/Strange Rock.png
Strange Spike,itens,,Strange Spike.png,png,images/itens/Strange Spike.png
Strange Tail,itens,,Strange Tail.png,png,images/itens/Strange Tail.png
Strange Thing,itens,,Strange Thing.png,png,images/itens/Strange Thing.png
Strange Wing,itens,,Strange Wing.png,png,images/itens/Strange Wing.png
Straw,itens,,Straw.png,png,images/itens/Straw.png
Streak Tail,itens,,Streak Tail.png,png,images/itens/Streak Tail.png
Street Female Outfit,estilista,,Street Female Outfit.png,png,images/estilista/Street Female Outfit.png
Street Fighter Costume,estilista,,Street Fighter Costume.png,png,images/estilista/Street Fighter Costume.png
Street Fighter Outfit,estilista,,Street Fighter Outfit.png,png,images/estilista/Street Fighter Outfit.png
Street Fighter Red Costume,estilista,,Street Fighter Red Costume.png,png,images/estilista/Street Fighter Red Costume.png
Strong Green Gem,professor,,Strong Green Gem.png,png,images/professor/Strong Green Gem.png
Strong Nature Energy,professor,,Strong Nature Energy.png,png,images/professor/Strong Nature Energy.png
Strong Wooden Table,estilista,,Strong Wooden Table.png,png,images/estilista/Strong Wooden Table.png
Study Notes,itens,,Study Notes.png,png,images/itens/Study Notes.png
Style Point,itens,,Style Point.png,png,images/itens/Style Point.png
Style Point (40x),estilista,,Style Point (40x).png,png,images/estilista/Style Point (40x).png
Suicide Bomber Costume,estilista,,Suicide Bomber Costume.png,png,images/estilista/Suicide Bomber Costume.png
Suicune Bush,professor,,Suicune Bush.png,png,images/professor/Suicune Bush.png
Suicune Sculpture,aventureiro,,Suicune Sculpture.png,png,images/aventureiro/Suicune Sculpture.png
Suicune's Legendary Tail,itens,,Suicune's Legendary Tail.png,png,images/itens/Suicune's Legendary Tail.png
Sun Piece,itens,,Sun Piece.png,png,images/itens/Sun Piece.png
Sunflora Big Figure,estilista,,Sunflora Big Figure.png,png,images/estilista/Sunflora Big Figure.png
Sunflower Shard,itens,,Sunflower Shard.png,png,images/itens/Sunflower Shard.png
Sunlight Cube,itens,,Sunlight Cube.png,png,images/itens/Sunlight Cube.png
Sunlight Ear,itens,,Sunlight Ear.png,png,images/itens/Sunlight Ear.png
Sunny Outfit,estilista,,Sunny Outfit.png,png,images/estilista/Sunny Outfit.png
Super Ball,engenheiro,,Super Ball.png,png,images/engenheiro/Super Ball.png
Super Grill,aventureiro,,Super Grill.png,png,images/aventureiro/Super Grill.png
Super Nintendo,engenheiro,,Super Nintendo.png,png,images/engenheiro/Super Nintendo.png
Superdog Costume,estilista,,Superdog Costume.png,png,images/estilista/Superdog Costume.png
Superhero Costume,estilista,,Superhero Costume.png,png,images/estilista/Superhero Costume.png
Superior Juggernaut Elixir,estilista,,Superior Juggernaut Elixir.png,png,images/estilista/Superior Juggernaut Elixir.png
Superior Nightmare Revive,professor,,Superior Nightmare Revive.png,png,images/professor/Superior Nightmare Revive.png
Superior XP Banner,estilista,,Superior XP Banner.png,png,images/estilista/Superior XP Banner.png
Supine,engenheiro,,Supine.png,png,images/engenheiro/Supine.png
Surgeon of Death Outfit,estilista,,Surgeon of Death Outfit.png,png,images/estilista/Surgeon of Death Outfit.png
Sushi,itens,,Sushi.png,png,images/itens/Sushi.png
Sweet Apple Pie,itens,,Sweet Apple Pie.png,png,images/itens/Sweet Apple Pie.png
Swellow Bush,professor,,Swellow Bush.png,png,images/professor/Swellow Bush.png
Sword Ninja Pack,estilista,,Sword Ninja Pack.png,png,images/estilista/Sword Ninja Pack.png
Tailoring Machine,estilista,,Tailoring Machine.png,png,images/estilista/Tailoring Machine.png
Tale Ball,engenheiro,,Tale Ball.png,png,images/engenheiro/Tale Ball.png
Talon,itens,,Talon.png,png,images/itens/Talon.png
Tanga Seed,professor,,Tanga Seed.png,png,images/professor/Tanga Seed.png
Tayuya Costume,estilista,,Tayuya Costume.png,png,images/estilista/Tayuya Costume.png
Team Rocket Ball Cam,estilista,,Team Rocket Ball Cam.png,png,images/estilista/Team Rocket Ball Cam.png
Tech Ball,itens,,Tech Ball.png,png,images/itens/Tech Ball.png
Tech Data,itens,,Tech Data.png,png,images/itens/Tech Data.png
Technological Capsule,estilista,,Technological Capsule.png,png,images/estilista/Technological Capsule.png
Technological Hammer,engenheiro,,Technological Hammer.png,png,images/engenheiro/Technological Hammer.png
Television,engenheiro,,Television.png,png,images/engenheiro/Television.png
Ten Thousand Dollars,itens,,Ten Thousand Dollars.png,png,images/itens/Ten Thousand Dollars.png
Tentacle,itens,,Tentacle.png,png,images/itens/Tentacle.png
Tentacool Hood,estilista,,Tentacool Hood.png,png,images/estilista/Tentacool Hood.png
Tentacool Lamp,estilista,,Tentacool Lamp.png,png,images/estilista/Tentacool Lamp.png
Tentacruel Tentacle,itens,,Tentacruel Tentacle.png,png,images/itens/Tentacruel Tentacle.png
Thorn Shoulder,engenheiro,,Thorn Shoulder.png,png,images/engenheiro/Thorn Shoulder.png
Thrift Store,estilista,,Thrift Store.png,png,images/estilista/Thrift Store.png
Thrift Store Voucher,estilista,,Thrift Store Voucher.png,png,images/estilista/Thrift Store Voucher.png
Thunder Bed,estilista,,Thunder Bed.png,png,images/estilista/Thunder Bed.png
Thunder Essence,itens,,Thunder Essence.gif,gif,images/itens/Thunder Essence.gif
Thunder Shock Turret,engenheiro,,Thunder Shock Turret.png,png,images/engenheiro/Thunder Shock Turret.png
Thunder Stone,itens,stones,Thunder Stone.gif,gif,images/itens/stones/Thunder Stone.gif
Thunder Stones,itens,stones,Thunder Stones.gif,gif,images/itens/stones/Thunder Stones.gif
Tinker Ball,engenheiro,,Tinker Ball.png,png,images/engenheiro/Tinker Ball.png
Tiny Raccoon Fur,itens,,Tiny Raccoon Fur.png,png,images/itens/Tiny Raccoon Fur.png
Tire,engenheiro,,Tire.png,png,images/engenheiro/Tire.png
Tissue,itens,,Tissue.png,png,images/itens/Tissue.png
Titan Mask,engenheiro,,Titan Mask.png,png,images/engenheiro/Titan Mask.png
Titanium Armor,engenheiro,,Titanium Armor.png,png,images/engenheiro/Titanium Armor.png
Titanium Imam,itens,,Titanium Imam.png,png,images/itens/Titanium Imam.png
Tongue,itens,,Tongue.png,png,images/itens/Tongue.png
Tool Box,engenheiro,,Tool Box.png,png,images/engenheiro/Tool Box.png
Tooth,itens,,Tooth.png,png,images/itens/Tooth.png
Topaz,itens,raros,Topaz.png,png,images/itens/raros/Topaz.png
Topknot,itens,,Topknot.png,png,images/itens/Topknot.png
Toxic Gosme,itens,,Toxic Gosme.png,png,images/itens/Toxic Gosme.png
Toxic Gosmes,itens,,Toxic Gosmes.png,png,images/itens/Toxic Gosmes.png
Toxic Mustache,itens,,Toxic Mustache.png,png,images/itens/Toxic Mustache.png
Toxic Thing,itens,,Toxic Thing.png,png,images/itens/Toxic Thing.png
Toxic Topknot,itens,,Toxic Topknot.png,png,images/itens/Toxic Topknot.png
Toy Factory,estilista,,Toy Factory.png,png,images/estilista/Toy Factory.png
Traces Of Ghost,itens,,Traces Of Ghost.png,png,images/itens/Traces Of Ghost.png
Traces Of Voodoo Doll,itens,,Traces Of Voodoo Doll.png,png,images/itens/Traces Of Voodoo Doll.png
Transformers Suit,estilista,,Transformers Suit.png,png,images/estilista/Transformers Suit.png
Trash Limbs,itens,,Trash Limbs.png,png,images/itens/Trash Limbs.png
Traveler Bag,estilista,,Traveler Bag.png,png,images/estilista/Traveler Bag.png
Treadmill,engenheiro,,Treadmill.png,png,images/engenheiro/Treadmill.png
Treasure Map,aventureiro,,Treasure Map.png,png,images/aventureiro/Treasure Map.png
Tribe Mark,itens,,Tribe Mark.png,png,images/itens/Tribe Mark.png
Tron Chair,estilista,,Tron Chair.png,png,images/estilista/Tron Chair.png
Tron Locker,engenheiro,,Tron Locker.png,png,images/engenheiro/Tron Locker.png
Tron Pillar,estilista,,Tron Pillar.png,png,images/estilista/Tron Pillar.png
Tron Refrigerator,engenheiro,,Tron Refrigerator.png,png,images/engenheiro/Tron Refrigerator.png
Tron Stove,engenheiro,,Tron Stove.png,png,images/engenheiro/Tron Stove.png
Tron Student Monitor,professor,,Tron Student Monitor.png,png,images/professor/Tron Student Monitor.png
Tron Table,estilista,,Tron Table.png,png,images/estilista/Tron Table.png
Tron Toaster,engenheiro,,Tron Toaster.png,png,images/engenheiro/Tron Toaster.png
Tropical_Island,tasks,maps,Tropical_Island.png,png,images/tasks/maps/Tropical_Island.png
True Champion Belt,engenheiro,,True Champion Belt.png,png,images/engenheiro/True Champion Belt.png
Turtle Shell,itens,,Turtle Shell.png,png,images/itens/Turtle Shell.png
Turtle Shells,itens,,Turtle Shells.png,png,images/itens/Turtle Shells.png
Turtle Spike,itens,,Turtle Spike.png,png,images/itens/Turtle Spike.png
Tusk,itens,,Tusk.png,png,images/itens/Tusk.png
TV Camera,engenheiro,,TV Camera.png,png,images/engenheiro/TV Camera.png
Twin Stings,itens,,Twin Stings.png,png,images/itens/Twin Stings.png
Tyrantrum Fossil Statue's Platform,aventureiro,,Tyrantrum Fossil Statue's Platform.png,png,images/aventureiro/Tyrantrum Fossil Statue's Platform.png
Ultimate Nightmare Potion,professor,,Ultimate Nightmare Potion.png,png,images/professor/Ultimate Nightmare Potion.png
Ultimate Nightmare Spray,professor,,Ultimate Nightmare Spray.png,png,images/professor/Ultimate Nightmare Spray.png
Ultimate Potion,professor,,Ultimate Potion.png,png,images/professor/Ultimate Potion.png
Ultra Ball,engenheiro,,Ultra Ball.png,png,images/engenheiro/Ultra Ball.png
Ultra Ball Cam,estilista,,Ultra Ball Cam.png,png,images/estilista/Ultra Ball Cam.png
Ultra Potion,professor,,Ultra Potion.png,png,images/professor/Ultra Potion.png
Umbreon Bed,estilista,,Umbreon Bed.png,png,images/estilista/Umbreon Bed.png
Unfinished Articuno Sculpture,aventureiro,,Unfinished Articuno Sculpture.png,png,images/aventureiro/Unfinished Articuno Sculpture.png
Unfinished Moltres Sculpture,aventureiro,,Unfinished Moltres Sculpture.png,png,images/aventureiro/Unfinished Moltres Sculpture.png
Unfinished Zapdos Sculpture,aventureiro,,Unfinished Zapdos Sculpture.png,png,images/aventureiro/Unfinished Zapdos Sculpture.png
Unicorn Horn,itens,,Unicorn Horn.png,png,images/itens/Unicorn Horn.png
Unpacked Kecleon's Shop Stage 1,estilista,,Unpacked Kecleon's Shop Stage 1.png,png,images/estilista/Unpacked Kecleon's Shop Stage 1.png
Unpacked Toy,estilista,,Unpacked Toy.png,png,images/estilista/Unpacked Toy.png
Unpacked Unown Toy,estilista,,Unpacked Unown Toy.png,png,images/estilista/Unpacked Unown Toy.png
Vampire Costume,estilista,,Vampire Costume.png,png,images/estilista/Vampire Costume.png
Vaporeon Bed,estilista,,Vaporeon Bed.png,png,images/estilista/Vaporeon Bed.png
Venom Flute,itens,,Venom Flute.png,png,images/itens/Venom Flute.png
Venom Herb,professor,,Venom Herb.png,png,images/professor/Venom Herb.png
Venom Stone,itens,stones,Venom Stone.gif,gif,images/itens/stones/Venom Stone.gif
Venusaur Bush,professor,,Venusaur Bush.png,png,images/professor/Venusaur Bush.png
Venusaur Male Outfit,estilista,,Venusaur Male Outfit.png,png,images/estilista/Venusaur Male Outfit.png
Venusaur Tapestry,estilista,,Venusaur Tapestry.png,png,images/estilista/Venusaur Tapestry.png
Viking Helmet,engenheiro,,Viking Helmet.png,png,images/engenheiro/Viking Helmet.png
Violet Luchador Mask,itens,,Violet Luchador Mask.png,png,images/itens/Violet Luchador Mask.png
Virtual Body,itens,,Virtual Body.png,png,images/itens/Virtual Body.png
Virtual Head,itens,,Virtual Head.png,png,images/itens/Virtual Head.png
Virtual Heads,itens,,Virtual Heads.png,png,images/itens/Virtual Heads.png
Virtual Poké Ball Holder,professor,,Virtual Poké Ball Holder.gif,gif,images/professor/Virtual Poké Ball Holder.gif
Virtual Tail,itens,,Virtual Tail.png,png,images/itens/Virtual Tail.png
Virtual Television,engenheiro,,Virtual Television.png,png,images/engenheiro/Virtual Television.png
Virtual TV,engenheiro,,Virtual TV.png,png,images/engenheiro/Virtual TV.png
Virus Ball Capsule,estilista,,Virus Ball Capsule.png,png,images/estilista/Virus Ball Capsule.png
Volcanic Chemical,professor,,Volcanic Chemical.png,png,images/professor/Volcanic Chemical.png
Volcanic Essence,itens,,Volcanic Essence.png,png,images/itens/Volcanic Essence.png
Volcanic Essences,itens,,Volcanic Essences.png,png,images/itens/Volcanic Essences.png
Volcanic Tapestry,itens,,Volcanic Tapestry.png,png,images/itens/Volcanic Tapestry.png
Volcanic Urn,itens,,Volcanic Urn.png,png,images/itens/Volcanic Urn.png
Volt Wing,itens,,Volt Wing.png,png,images/itens/Volt Wing.png
Voltorb Computer,engenheiro,,Voltorb Computer.png,png,images/engenheiro/Voltorb Computer.png
Voltorb Toy,itens,,Voltorb Toy.png,png,images/itens/Voltorb Toy.png
Wacan Seed,professor,,Wacan Seed.png,png,images/professor/Wacan Seed.png
Wall Bookcase,professor,,Wall Bookcase.png,png,images/professor/Wall Bookcase.png
Wall Plate,professor,,Wall Plate.png,png,images/professor/Wall Plate.png
Wardrobe,estilista,,Wardrobe.png,png,images/estilista/Wardrobe.png
Warlock Hat,estilista,,Warlock Hat.png,png,images/estilista/Warlock Hat.png
Wash,itens,,Wash.png,png,images/itens/Wash.png
Washing Machine,engenheiro,,Washing Machine.png,png,images/engenheiro/Washing Machine.png
Water Brain Cap,engenheiro,,Water Brain Cap.png,png,images/engenheiro/Water Brain Cap.png
Water Essence,itens,,Water Essence.gif,gif,images/itens/Water Essence.gif
Water Gem,itens,,Water Gem.png,png,images/itens/Water Gem.png
Water Pendant,itens,,Water Pendant.png,png,images/itens/Water Pendant.png
Water Pendant (Lapras),estilista,,Water Pendant (Lapras).png,png,images/estilista/Water Pendant (Lapras).png
Water Plant,itens,,Water Plant.png,png,images/itens/Water Plant.png
Water Stone,itens,stones,Water Stone.gif,gif,images/itens/stones/Water Stone.gif
Water Stones,itens,stones,Water Stones.gif,gif,images/itens/stones/Water Stones.gif
Wedding Dress,estilista,,Wedding Dress.png,png,images/estilista/Wedding Dress.png
Whiskers Fin,itens,,Whiskers Fin.png,png,images/itens/Whiskers Fin.png
Whiskers Fins,itens,,Whiskers Fins.png,png,images/itens/Whiskers Fins.png
White Bed,estilista,,White Bed.png,png,images/estilista/White Bed.png
White Chair,estilista,,White Chair.png,png,images/estilista/White Chair.png
White Cocoon Thorn,itens,,White Cocoon Thorn.png,png,images/itens/White Cocoon Thorn.png
White Computer,engenheiro,,White Computer.png,png,images/engenheiro/White Computer.png
White Cool Sofa,estilista,,White Cool Sofa.png,png,images/estilista/White Cool Sofa.png
White Electric Spark Ball Capsule,estilista,,White Electric Spark Ball Capsule.gif,gif,images/estilista/White Electric Spark Ball Capsule.gif
White Emperor Trident,itens,,White Emperor Trident.png,png,images/itens/White Emperor Trident.png
White Glass Table,estilista,,White Glass Table.png,png,images/estilista/White Glass Table.png
White Hair,itens,,White Hair.png,png,images/itens/White Hair.png
White Hairs,itens,,White Hairs.png,png,images/itens/White Hairs.png
White Headband,estilista,,White Headband.png,png,images/estilista/White Headband.png
White High-tech Student Monitor,professor,,White High-tech Student Monitor.png,png,images/professor/White High-tech Student Monitor.png
White Krooko Scale,itens,,White Krooko Scale.png,png,images/itens/White Krooko Scale.png
White Link,itens,,White Link.png,png,images/itens/White Link.png
White Locker,engenheiro,,White Locker.png,png,images/engenheiro/White Locker.png
White Mewtwo Throne,estilista,,White Mewtwo Throne.png,png,images/estilista/White Mewtwo Throne.png
White Poké Ball Pillow,estilista,,White Poké Ball Pillow.png,png,images/estilista/White Poké Ball Pillow.png
White Sofa,estilista,,White Sofa.png,png,images/estilista/White Sofa.png
White Student Monitor,professor,,White Student Monitor.png,png,images/professor/White Student Monitor.png
White Table,itens,,White Table.png,png,images/itens/White Table.png
White Tapestry,itens,,White Tapestry.png,png,images/itens/White Tapestry.png
Wingeon Chemical,professor,,Wingeon Chemical.png,png,images/professor/Wingeon Chemical.png
Wingeon Essence,itens,,Wingeon Essence.png,png,images/itens/Wingeon Essence.png
Wingeon Tapestry,itens,,Wingeon Tapestry.png,png,images/itens/Wingeon Tapestry.png
Wingeon Urn,itens,,Wingeon Urn.png,png,images/itens/Wingeon Urn.png
Wiseman Elixir,estilista,,Wiseman Elixir.png,png,images/estilista/Wiseman Elixir.png
Witch Costume,estilista,,Witch Costume.png,png,images/estilista/Witch Costume.png
Witch Costume (Jynx),estilista,,Witch Costume (Jynx).png,png,images/estilista/Witch Costume (Jynx).png
Wizard Hat,estilista,,Wizard Hat.png,png,images/estilista/Wizard Hat.png
Wolf Tail,itens,,Wolf Tail.png,png,images/itens/Wolf Tail.png
Wooden Chair,estilista,,Wooden Chair.png,png,images/estilista/Wooden Chair.png
Wooden Closet,estilista,,Wooden Closet.png,png,images/estilista/Wooden Closet.png
Wooden Counter,itens,,Wooden Counter.png,png,images/itens/Wooden Counter.png
Wooden Market,engenheiro,,Wooden Market.png,png,images/engenheiro/Wooden Market.png
Wooden Pokeball Table,itens,,Wooden Pokeball Table.png,png,images/itens/Wooden Pokeball Table.png
Wooden Poké Ball Table,estilista,,Wooden Poké Ball Table.png,png,images/estilista/Wooden Poké Ball Table.png
Wooden Stand,estilista,,Wooden Stand.png,png,images/estilista/Wooden Stand.png
Wooden Table,itens,,Wooden Table.png,png,images/itens/Wooden Table.png
Wool Ball,itens,,Wool Ball.png,png,images/itens/Wool Ball.png
Wooper Horn,itens,,Wooper Horn.png,png,images/itens/Wooper Horn.png
Workshop A,estilista,,Workshop A.png,png,images/estilista/Workshop A.png
Workshop A (Portátil),estilista,,Workshop A (Portátil).png,png,images/estilista/Workshop A (Portátil).png
Workshop B,estilista,,Workshop B.png,png,images/estilista/Workshop B.png
Workshop B (Portátil),estilista,,Workshop B (Portátil).png,png,images/estilista/Workshop B (Portátil).png
Workshop C,estilista,,Workshop C.png,png,images/estilista/Workshop C.png
Workshop C (Portátil),estilista,,Workshop C (Portátil).png,png,images/estilista/Workshop C (Portátil).png
Workshop D,estilista,,Workshop D.png,png,images/estilista/Workshop D.png
Workshop D (Portátil),estilista,,Workshop D (Portátil).png,png,images/estilista/Workshop D (Portátil).png
Workshop S,estilista,,Workshop S.png,png,images/estilista/Workshop S.png
Workshop S (Portátil),estilista,,Workshop S (Portátil).png,png,images/estilista/Workshop S (Portátil).png
Worm Horn,itens,,Worm Horn.png,png,images/itens/Worm Horn.png
Wrestling Mask,estilista,,Wrestling Mask.png,png,images/estilista/Wrestling Mask.png
Wrestling Mask (B),estilista,,Wrestling Mask (B).png,png,images/estilista/Wrestling Mask (B).png
Writer Desk,professor,,Writer Desk.png,png,images/professor/Writer Desk.png
X-Block (Tier,itens,,X-Block (Tier,,images/itens/X-Block (Tier
Xbox 360,engenheiro,,Xbox 360.png,png,images/engenheiro/Xbox 360.png
Xbox Series S,engenheiro,,Xbox Series S.png,png,images/engenheiro/Xbox Series S.png
XP Plank,estilista,,XP Plank.png,png,images/estilista/XP Plank.png
Yache Seed,professor,,Yache Seed.png,png,images/professor/Yache Seed.png
Yellow Alchemy Lab,professor,,Yellow Alchemy Lab.png,png,images/professor/Yellow Alchemy Lab.png
Yellow Belt Karate Kimono,estilista,,Yellow Belt Karate Kimono.png,png,images/estilista/Yellow Belt Karate Kimono.png
Yellow Bench,estilista,,Yellow Bench.png,png,images/estilista/Yellow Bench.png
Yellow Big Boss Hat,itens,,Yellow Big Boss Hat.png,png,images/itens/Yellow Big Boss Hat.png
Yellow Boost Machine,professor,,Yellow Boost Machine.png,png,images/professor/Yellow Boost Machine.png
Yellow Bow,estilista,,Yellow Bow.png,png,images/estilista/Yellow Bow.png
Yellow Cool Chair,estilista,,Yellow Cool Chair.png,png,images/estilista/Yellow Cool Chair.png
Yellow Cool Sofa,estilista,,Yellow Cool Sofa.png,png,images/estilista/Yellow Cool Sofa.png
Yellow Crushed Leaf,itens,,Yellow Crushed Leaf.png,png,images/itens/Yellow Crushed Leaf.png
Yellow Crushed Leaves,itens,,Yellow Crushed Leaves.png,png,images/itens/Yellow Crushed Leaves.png
Yellow Dragon Scarf,estilista,,Yellow Dragon Scarf.png,png,images/estilista/Yellow Dragon Scarf.png
Yellow Dye,estilista,,Yellow Dye.png,png,images/estilista/Yellow Dye.png
Yellow Eyebrows,itens,,Yellow Eyebrows.png,png,images/itens/Yellow Eyebrows.png
Yellow Flower,itens,,Yellow Flower.png,png,images/itens/Yellow Flower.png
Yellow Healing Machine,estilista,,Yellow Healing Machine.png,png,images/estilista/Yellow Healing Machine.png
Yellow Karate Headband,estilista,,Yellow Karate Headband.png,png,images/estilista/Yellow Karate Headband.png
Yellow Luxurious Display Table,estilista,,Yellow Luxurious Display Table.png,png,images/estilista/Yellow Luxurious Display Table.png
Yellow Motorcycle,engenheiro,,Yellow Motorcycle.png,png,images/engenheiro/Yellow Motorcycle.png
Yellow Pillow,estilista,,Yellow Pillow.png,png,images/estilista/Yellow Pillow.png
Yellow Poké Chest,estilista,,Yellow Poké Chest.png,png,images/estilista/Yellow Poké Chest.png
Yellow Ribbon,estilista,,Yellow Ribbon.png,png,images/estilista/Yellow Ribbon.png
Yellow Scarf,estilista,,Yellow Scarf.png,png,images/estilista/Yellow Scarf.png
Yellow Scarf (Fearow),estilista,,Yellow Scarf (Fearow).png,png,images/estilista/Yellow Scarf (Fearow).png
Yellow Shell,estilista,,Yellow Shell.png,png,images/estilista/Yellow Shell.png
Yellow Sofa,estilista,,Yellow Sofa.png,png,images/estilista/Yellow Sofa.png
Yellow Star Piece,itens,raros,Yellow Star Piece.gif,gif,images/itens/raros/Yellow Star Piece.gif
Yellow Wall Lamp,engenheiro,,Yellow Wall Lamp.png,png,images/engenheiro/Yellow Wall Lamp.png
Yellow Wool Ball,itens,,Yellow Wool Ball.png,png,images/itens/Yellow Wool Ball.png
Yume Ball,engenheiro,,Yume Ball.png,png,images/engenheiro/Yume Ball.png
Z-Balcony,engenheiro,,Z-Balcony.png,png,images/engenheiro/Z-Balcony.png
Zap,itens,,Zap.png,png,images/itens/Zap.png
Zapdos Bush,professor,,Zapdos Bush.png,png,images/professor/Zapdos Bush.png
Zapdos Sculpture,aventureiro,,Zapdos Sculpture.png,png,images/aventureiro/Zapdos Sculpture.png
Zombie Cap,estilista,,Zombie Cap.png,png,images/estilista/Zombie Cap.png
Zoom Mask,estilista,,Zoom Mask.png,png,images/estilista/Zoom Mask.png
